,country,conflict_id,year,best,start_date2,ep_end,ep_end_date,has_ended,start_year,end_year,duration
0,Afghanistan,395,1993,350,1992-05-10,0,1998-11-16,1,1992,1998,7
1,Tajikistan,395,1993,1045,1992-05-10,0,1998-11-16,1,1992,1998,7
2,Afghanistan,395,1995,0,1992-05-10,0,1998-11-16,1,1992,1998,7
3,Tajikistan,395,1995,368,1992-05-10,0,1998-11-16,1,1992,1998,7
4,Afghanistan,418,2001,1330,2001-09-11,0,2017-12-04,1,2001,2017,17
5,Pakistan,418,2001,20,2001-09-11,0,2017-12-04,1,2001,2017,17
6,United States of America,418,2001,233,2001-09-11,0,2017-12-04,1,2001,2017,17
7,Afghanistan,418,2002,860,2001-09-11,0,2017-12-04,1,2001,2017,17
8,Pakistan,418,2002,18,2001-09-11,0,2017-12-04,1,2001,2017,17
9,Afghanistan,418,2003,27,2001-09-11,0,2017-12-04,1,2001,2017,17
10,Pakistan,418,2003,27,2001-09-11,0,2017-12-04,1,2001,2017,17
11,Turkey,418,2003,11,2001-09-11,0,2017-12-04,1,2001,2017,17
12,Afghanistan,418,2004,10,2001-09-11,0,2017-12-04,1,2001,2017,17
13,Pakistan,418,2004,310,2001-09-11,0,2017-12-04,1,2001,2017,17
14,Saudi Arabia,418,2004,58,2001-09-11,0,2017-12-04,1,2001,2017,17
15,Afghanistan,418,2005,3,2001-09-11,0,2017-12-04,1,2001,2017,17
16,Pakistan,418,2005,74,2001-09-11,0,2017-12-04,1,2001,2017,17
17,Saudi Arabia,418,2005,31,2001-09-11,0,2017-12-04,1,2001,2017,17
18,Afghanistan,418,2006,18,2001-09-11,0,2017-12-04,1,2001,2017,17
19,Pakistan,418,2006,217,2001-09-11,0,2017-12-04,1,2001,2017,17
20,Saudi Arabia,418,2006,11,2001-09-11,0,2017-12-04,1,2001,2017,17
21,Afghanistan,418,2007,68,2001-09-11,0,2017-12-04,1,2001,2017,17
22,Pakistan,418,2007,74,2001-09-11,0,2017-12-04,1,2001,2017,17
23,Saudi Arabia,418,2007,2,2001-09-11,0,2017-12-04,1,2001,2017,17
24,Somalia,418,2007,30,2001-09-11,0,2017-12-04,1,2001,2017,17
25,Afghanistan,418,2008,50,2001-09-11,0,2017-12-04,1,2001,2017,17
26,Pakistan,418,2008,189,2001-09-11,0,2017-12-04,1,2001,2017,17
27,Somalia,418,2008,30,2001-09-11,0,2017-12-04,1,2001,2017,17
28,Yemen (North Yemen),418,2008,21,2001-09-11,0,2017-12-04,1,2001,2017,17
29,Afghanistan,418,2009,14,2001-09-11,0,2017-12-04,1,2001,2017,17
30,Pakistan,418,2009,426,2001-09-11,0,2017-12-04,1,2001,2017,17
31,Somalia,418,2009,10,2001-09-11,0,2017-12-04,1,2001,2017,17
32,Afghanistan,418,2010,6,2001-09-11,0,2017-12-04,1,2001,2017,17
33,Pakistan,418,2010,307,2001-09-11,0,2017-12-04,1,2001,2017,17
34,Afghanistan,418,2011,22,2001-09-11,0,2017-12-04,1,2001,2017,17
35,Pakistan,418,2011,181,2001-09-11,0,2017-12-04,1,2001,2017,17
36,Somalia,418,2011,0,2001-09-11,0,2017-12-04,1,2001,2017,17
37,Afghanistan,418,2012,7,2001-09-11,0,2017-12-04,1,2001,2017,17
38,Pakistan,418,2012,211,2001-09-11,0,2017-12-04,1,2001,2017,17
39,Somalia,418,2012,7,2001-09-11,0,2017-12-04,1,2001,2017,17
40,Afghanistan,418,2013,20,2001-09-11,0,2017-12-04,1,2001,2017,17
41,Pakistan,418,2013,16,2001-09-11,0,2017-12-04,1,2001,2017,17
42,Somalia,418,2013,2,2001-09-11,0,2017-12-04,1,2001,2017,17
43,Afghanistan,418,2014,5,2001-09-11,0,2017-12-04,1,2001,2017,17
44,Pakistan,418,2014,21,2001-09-11,0,2017-12-04,1,2001,2017,17
45,Syria,418,2014,106,2001-09-11,0,2017-12-04,1,2001,2017,17
46,Afghanistan,418,2015,19,2001-09-11,0,2017-12-04,1,2001,2017,17
47,Pakistan,418,2015,33,2001-09-11,0,2017-12-04,1,2001,2017,17
48,Syria,418,2015,35,2001-09-11,0,2017-12-04,1,2001,2017,17
49,Afghanistan,418,2016,64,2001-09-11,0,2017-12-04,1,2001,2017,17
50,Pakistan,418,2016,53,2001-09-11,0,2017-12-04,1,2001,2017,17
51,Afghanistan,418,2017,53,2001-09-11,1,2017-12-04,1,2001,2017,17
52,Pakistan,418,2017,4,2001-09-11,1,2017-12-04,1,2001,2017,17
53,Syria,418,2017,54,2001-09-11,1,2017-12-04,1,2001,2017,17
54,Afghanistan,418,2019,37,2019-07-31,1,2019-09-07,1,2019,2019,1
55,Afghanistan,13692,2001,1397,2001-10-07,1,2001-11-13,1,2001,2001,1
56,Albania,412,1999,6,1998-03-06,1,1999-11-21,1,1998,1999,2
57,Serbia (Yugoslavia),412,1999,1398,1998-03-06,1,1999-11-21,1,1998,1999,2
58,Algeria,386,1991,34,1991-12-09,0,2018-11-19,1,1991,2018,28
59,Algeria,386,1992,257,1991-12-09,0,2018-11-19,1,1991,2018,28
60,Algeria,386,1993,800,1991-12-09,0,2018-11-19,1,1991,2018,28
61,Algeria,386,1994,1916,1991-12-09,0,2018-11-19,1,1991,2018,28
62,Algeria,386,1995,3008,1991-12-09,0,2018-11-19,1,1991,2018,28
63,Algeria,386,1996,1084,1991-12-09,0,2018-11-19,1,1991,2018,28
64,Algeria,386,1997,1403,1991-12-09,0,2018-11-19,1,1991,2018,28
65,Algeria,386,1998,3029,1991-12-09,0,2018-11-19,1,1991,2018,28
66,Algeria,386,1999,1031,1991-12-09,0,2018-11-19,1,1991,2018,28
67,Algeria,386,2000,947,1991-12-09,0,2018-11-19,1,1991,2018,28
68,Algeria,386,2001,642,1991-12-09,0,2018-11-19,1,1991,2018,28
69,Algeria,386,2002,539,1991-12-09,0,2018-11-19,1,1991,2018,28
70,Algeria,386,2003,670,1991-12-09,0,2018-11-19,1,1991,2018,28
71,Algeria,386,2004,397,1991-12-09,0,2018-11-19,1,1991,2018,28
72,Chad,386,2004,50,1991-12-09,0,2018-11-19,1,1991,2018,28
73,Niger,386,2004,4,1991-12-09,0,2018-11-19,1,1991,2018,28
74,Algeria,386,2005,217,1991-12-09,0,2018-11-19,1,1991,2018,28
75,Mali,386,2005,12,1991-12-09,0,2018-11-19,1,1991,2018,28
76,Algeria,386,2006,255,1991-12-09,0,2018-11-19,1,1991,2018,28
77,Algeria,386,2007,472,1991-12-09,0,2018-11-19,1,1991,2018,28
78,Algeria,386,2008,339,1991-12-09,0,2018-11-19,1,1991,2018,28
79,Algeria,386,2009,505,1991-12-09,0,2018-11-19,1,1991,2018,28
80,Algeria,386,2010,236,1991-12-09,0,2018-11-19,1,1991,2018,28
81,Algeria,386,2011,267,1991-12-09,0,2018-11-19,1,1991,2018,28
82,Algeria,386,2012,256,1991-12-09,0,2018-11-19,1,1991,2018,28
83,Algeria,386,2013,147,1991-12-09,0,2018-11-19,1,1991,2018,28
84,Algeria,386,2014,107,1991-12-09,0,2018-11-19,1,1991,2018,28
85,Algeria,386,2015,84,1991-12-09,0,2018-11-19,1,1991,2018,28
86,Algeria,386,2016,86,1991-12-09,0,2018-11-19,1,1991,2018,28
87,Algeria,386,2017,60,1991-12-09,0,2018-11-19,1,1991,2018,28
88,Algeria,386,2018,33,1991-12-09,1,2018-11-19,1,1991,2018,28
89,Algeria,386,2020,26,2020-12-01,1,2020-12-02,1,2020,2020,1
90,Algeria,13721,2015,26,2015-05-20,1,2015-05-20,1,2015,2015,1
91,Angola,327,1989,2810,1975-11-11,0,1995-12-24,1,1975,1995,21
92,Angola,327,1990,2558,1975-11-11,0,1995-12-24,1,1975,1995,21
93,Angola,327,1991,491,1975-11-11,0,1995-12-24,1,1975,1995,21
94,Angola,327,1992,2321,1975-11-11,0,1995-12-24,1,1975,1995,21
95,Angola,327,1993,12054,1975-11-11,0,1995-12-24,1,1975,1995,21
96,Angola,327,1994,3924,1975-11-11,0,1995-12-24,1,1975,1995,21
97,DR Congo (Zaire),327,1994,0,1975-11-11,0,1995-12-24,1,1975,1995,21
98,Angola,327,1995,162,1975-11-11,1,1995-12-24,1,1975,1995,21
99,Angola,327,1998,1041,1998-05-02,0,2002-04-01,1,1998,2002,5
100,Angola,327,1999,2272,1998-05-02,0,2002-04-01,1,1998,2002,5
101,Namibia,327,1999,1,1998-05-02,0,2002-04-01,1,1998,2002,5
102,Angola,327,2000,943,1998-05-02,0,2002-04-01,1,1998,2002,5
103,Namibia,327,2000,57,1998-05-02,0,2002-04-01,1,1998,2002,5
104,Angola,327,2001,1123,1998-05-02,0,2002-04-01,1,1998,2002,5
105,Angola,327,2002,465,1998-05-02,1,2002-04-01,1,1998,2002,5
106,Namibia,327,2002,5,1998-05-02,1,2002-04-01,1,1998,2002,5
107,Angola,387,1991,25,1991-12-31,0,1992-12-31,1,1991,1992,2
108,Angola,387,1992,25,1991-12-31,1,1992-12-31,1,1991,1992,2
109,Angola,387,1994,50,1994-12-31,0,1998-12-31,1,1994,1998,5
110,Angola,387,1995,25,1994-12-31,0,1998-12-31,1,1994,1998,5
111,Angola,387,1996,29,1994-12-31,0,1998-12-31,1,1994,1998,5
112,Angola,387,1997,51,1994-12-31,0,1998-12-31,1,1994,1998,5
113,Angola,387,1998,25,1994-12-31,1,1998-12-31,1,1994,1998,5
114,Angola,387,2002,56,2002-11-12,0,2004-12-31,1,2002,2004,3
115,Angola,387,2003,25,2002-11-12,0,2004-12-31,1,2002,2004,3
116,Angola,387,2004,25,2002-11-12,1,2004-12-31,1,2002,2004,3
117,Angola,387,2007,25,2007-12-31,1,2007-12-31,1,2007,2007,1
118,Angola,387,2009,25,2009-12-31,1,2009-12-31,1,2009,2009,1
119,Angola,387,2016,25,2016-12-31,0,2017-12-31,1,2016,2017,2
120,Angola,387,2017,25,2016-12-31,1,2017-12-31,1,2016,2017,2
121,Angola,387,2019,25,2019-12-31,0,2020-12-31,1,2019,2020,2
122,Congo,387,2019,0,2019-12-31,0,2020-12-31,1,2019,2020,2
123,DR Congo (Zaire),387,2019,0,2019-12-31,0,2020-12-31,1,2019,2020,2
124,Angola,387,2020,21,2019-12-31,1,2020-12-31,1,2019,2020,2
125,Congo,387,2020,0,2019-12-31,1,2020-12-31,1,2019,2020,2
126,DR Congo (Zaire),387,2020,4,2019-12-31,1,2020-12-31,1,2019,2020,2
127,Argentina,426,1992,0,1990-07-10,0,1999-12-30,1,1990,1999,10
128,Israel,426,1992,2,1990-07-10,0,1999-12-30,1,1990,1999,10
129,Lebanon,426,1992,85,1990-07-10,0,1999-12-30,1,1990,1999,10
130,Armenia,388,1992,85,1991-12-30,0,1994-07-15,1,1991,1994,4
131,Azerbaijan,388,1992,2082,1991-12-30,0,1994-07-15,1,1991,1994,4
132,Armenia,388,1993,37,1991-12-30,0,1994-07-15,1,1991,1994,4
133,Azerbaijan,388,1993,1134,1991-12-30,0,1994-07-15,1,1991,1994,4
134,Armenia,388,1994,30,1991-12-30,1,1994-07-15,1,1991,1994,4
135,Azerbaijan,388,1994,1477,1991-12-30,1,1994-07-15,1,1991,1994,4
136,Armenia,388,2005,1,2005-12-05,1,2005-12-05,1,2005,2005,1
137,Azerbaijan,388,2005,24,2005-12-05,1,2005-12-05,1,2005,2005,1
138,Armenia,388,2012,9,2012-09-25,1,2012-09-25,1,2012,2012,1
139,Azerbaijan,388,2012,16,2012-09-25,1,2012-09-25,1,2012,2012,1
140,Armenia,388,2015,9,2014-08-01,0,2017-12-14,1,2014,2017,4
141,Azerbaijan,388,2015,63,2014-08-01,0,2017-12-14,1,2014,2017,4
142,Armenia,388,2016,4,2014-08-01,0,2017-12-14,1,2014,2017,4
143,Azerbaijan,388,2016,137,2014-08-01,0,2017-12-14,1,2014,2017,4
144,Azerbaijan,388,1991,35,1991-12-30,0,1994-07-15,1,1991,1994,4
145,Azerbaijan,388,1997,29,1997-04-20,0,1998-12-31,1,1997,1998,2
146,Azerbaijan,388,1998,34,1997-04-20,1,1998-12-31,1,1997,1998,2
147,Azerbaijan,388,2008,30,2008-12-31,1,2008-12-31,1,2008,2008,1
148,Azerbaijan,388,2014,46,2014-08-01,0,2017-12-14,1,2014,2017,4
149,Azerbaijan,388,2017,36,2014-08-01,1,2017-12-14,1,2014,2017,4
150,Azerbaijan,396,1993,60,1993-06-06,1,1993-06-15,1,1993,1993,1
151,Azerbaijan,396,1995,44,1995-03-17,1,1995-03-17,1,1995,1995,1
152,Bangladesh,223,2020,2,2016-10-11,1,2020-11-25,1,2016,2020,5
153,Myanmar (Burma),223,2020,159,2016-10-11,1,2020-11-25,1,2016,2020,5
154,Bangladesh,322,1989,26,1975-02-28,0,1991-12-31,1,1975,1991,17
155,Bangladesh,322,1990,45,1975-02-28,0,1991-12-31,1,1975,1991,17
156,Bangladesh,322,1991,25,1975-02-28,1,1991-12-31,1,1975,1991,17
157,Bangladesh,11350,2005,62,2005-02-08,0,2006-12-22,1,2005,2006,2
158,Bangladesh,11350,2006,57,2005-02-08,1,2006-12-22,1,2005,2006,2
159,Bangladesh,13674,2016,41,2016-08-29,0,2017-09-06,1,2016,2017,2
160,Bangladesh,13674,2017,47,2016-08-29,1,2017-09-06,1,2016,2017,2
161,Bhutan,421,1997,4,1996-10-28,0,1999-10-07,1,1996,1999,4
162,India,421,1997,30,1996-10-28,0,1999-10-07,1,1996,1999,4
163,Bosnia-Herzegovina,389,1992,16727,1992-04-27,0,1995-12-14,1,1992,1995,4
164,Croatia,389,1992,19,1992-04-27,0,1995-12-14,1,1992,1995,4
165,Serbia (Yugoslavia),389,1992,36,1992-04-27,0,1995-12-14,1,1992,1995,4
166,Bosnia-Herzegovina,389,1993,4974,1992-04-27,0,1995-12-14,1,1992,1995,4
167,Bosnia-Herzegovina,389,1994,3557,1992-04-27,0,1995-12-14,1,1992,1995,4
168,Bosnia-Herzegovina,389,1995,1197,1992-04-27,1,1995-12-14,1,1992,1995,4
169,Bosnia-Herzegovina,390,1992,3901,1992-04-30,0,1993-12-13,1,1992,1993,2
170,Croatia,390,1992,123,1992-04-30,0,1993-12-13,1,1992,1993,2
171,Serbia (Yugoslavia),390,1992,1,1992-04-30,0,1993-12-13,1,1992,1993,2
172,Bosnia-Herzegovina,390,1993,65,1992-04-30,1,1993-12-13,1,1992,1993,2
173,Croatia,390,1993,345,1992-04-30,1,1993-12-13,1,1992,1993,2
174,Bosnia-Herzegovina,390,1995,40,1995-05-01,1,1995-09-06,1,1995,1995,1
175,Croatia,390,1995,818,1995-05-01,1,1995-09-06,1,1995,1995,1
176,Bosnia-Herzegovina,397,1993,231,1993-10-03,0,1995-07-28,1,1993,1995,3
177,Bosnia-Herzegovina,397,1994,697,1993-10-03,0,1995-07-28,1,1993,1995,3
178,Bosnia-Herzegovina,397,1995,108,1993-10-03,1,1995-07-28,1,1993,1995,3
179,Croatia,397,1995,8,1993-10-03,1,1995-07-28,1,1993,1995,3
180,Bosnia-Herzegovina,398,1992,88,1992-07-17,0,1994-03-16,1,1992,1994,3
181,Bosnia-Herzegovina,398,1993,7874,1992-07-17,0,1994-03-16,1,1992,1994,3
182,Bosnia-Herzegovina,398,1994,675,1992-07-17,1,1994-03-16,1,1992,1994,3
183,Burundi,287,1991,272,1991-11-27,0,1992-04-14,1,1991,1992,2
184,Burundi,287,1992,61,1991-11-27,1,1992-04-14,1,1991,1992,2
185,Burundi,287,1994,56,1994-10-18,0,2006-09-26,1,1994,2006,13
186,Burundi,287,1995,254,1994-10-18,0,2006-09-26,1,1994,2006,13
187,Burundi,287,1996,531,1994-10-18,0,2006-09-26,1,1994,2006,13
188,Burundi,287,1997,639,1994-10-18,0,2006-09-26,1,1994,2006,13
189,Burundi,287,1998,621,1994-10-18,0,2006-09-26,1,1994,2006,13
190,Burundi,287,1999,524,1994-10-18,0,2006-09-26,1,1994,2006,13
191,Burundi,287,2000,1348,1994-10-18,0,2006-09-26,1,1994,2006,13
192,Burundi,287,2001,1182,1994-10-18,0,2006-09-26,1,1994,2006,13
193,Burundi,287,2002,1111,1994-10-18,0,2006-09-26,1,1994,2006,13
194,DR Congo (Zaire),287,2002,3,1994-10-18,0,2006-09-26,1,1994,2006,13
195,Burundi,287,2003,972,1994-10-18,0,2006-09-26,1,1994,2006,13
196,Burundi,287,2004,387,1994-10-18,0,2006-09-26,1,1994,2006,13
197,Burundi,287,2005,286,1994-10-18,0,2006-09-26,1,1994,2006,13
198,Burundi,287,2006,141,1994-10-18,1,2006-09-26,1,1994,2006,13
199,Burundi,287,2008,201,2008-03-01,1,2008-08-22,1,2008,2008,1
200,Burundi,287,2014,60,2014-12-30,0,2015-12-11,1,2014,2015,2
201,Burundi,287,2015,181,2014-12-30,1,2015-12-11,1,2014,2015,2
202,Burundi,374,2002,59,1996-07-12,1,2002-09-29,1,1996,2002,7
203,DR Congo (Zaire),374,2002,24,1996-07-12,1,2002-09-29,1,1996,2002,7
204,Cambodia (Kampuchea),294,2011,10,2011-04-28,1,2011-05-02,1,2011,2011,1
205,Thailand,294,2011,19,2011-04-28,1,2011-05-02,1,2011,2011,1
206,Cambodia (Kampuchea),300,1989,814,1978-12-30,0,1998-10-03,1,1978,1998,21
207,Thailand,300,1989,4,1978-12-30,0,1998-10-03,1,1978,1998,21
208,Cambodia (Kampuchea),300,1990,274,1978-12-30,0,1998-10-03,1,1978,1998,21
209,Cambodia (Kampuchea),300,1991,220,1978-12-30,0,1998-10-03,1,1978,1998,21
210,Cambodia (Kampuchea),300,1992,118,1978-12-30,0,1998-10-03,1,1978,1998,21
211,Cambodia (Kampuchea),300,1993,274,1978-12-30,0,1998-10-03,1,1978,1998,21
212,Cambodia (Kampuchea),300,1994,464,1978-12-30,0,1998-10-03,1,1978,1998,21
213,Cambodia (Kampuchea),300,1995,694,1978-12-30,0,1998-10-03,1,1978,1998,21
214,Cambodia (Kampuchea),300,1996,788,1978-12-30,0,1998-10-03,1,1978,1998,21
215,Cambodia (Kampuchea),300,1997,415,1978-12-30,0,1998-10-03,1,1978,1998,21
216,Cambodia (Kampuchea),300,1998,243,1978-12-30,1,1998-10-03,1,1978,1998,21
217,Thailand,300,1998,3,1978-12-30,1,1998-10-03,1,1978,1998,21
218,Cameroon,353,2015,712,2015-01-12,0,2017-12-03,1,2015,2017,3
219,Cameroon,353,2016,32,2015-01-12,0,2017-12-03,1,2015,2017,3
220,Cameroon,353,2017,63,2015-01-12,1,2017-12-03,1,2015,2017,3
221,Cameroon,353,2020,28,2020-09-29,1,2020-12-16,1,2020,2020,1
222,Cameroon,405,1996,56,1996-05-07,1,1996-05-07,1,1996,1996,1
223,Cameroon,13638,2015,212,2015-08-11,0,2016-10-06,1,2015,2016,2
224,Nigeria,13638,2015,71,2015-08-11,0,2016-10-06,1,2015,2016,2
225,Cameroon,13638,2016,149,2015-08-11,1,2016-10-06,1,2015,2016,2
226,Nigeria,13638,2016,40,2015-08-11,1,2016-10-06,1,2015,2016,2
227,Cameroon,13638,2019,135,2019-04-27,1,2019-09-17,1,2019,2019,1
228,Central African Republic,314,2009,60,1994-02-21,0,2011-11-03,1,1994,2011,18
229,DR Congo (Zaire),314,2009,154,1994-02-21,0,2011-11-03,1,1994,2011,18
230,Sudan,314,2009,24,1994-02-21,0,2011-11-03,1,1994,2011,18
231,Central African Republic,314,2010,22,1994-02-21,0,2011-11-03,1,1994,2011,18
232,DR Congo (Zaire),314,2010,92,1994-02-21,0,2011-11-03,1,1994,2011,18
233,Sudan,314,2010,6,1994-02-21,0,2011-11-03,1,1994,2011,18
234,Central African Republic,314,2011,4,1994-02-21,1,2011-11-03,1,1994,2011,18
235,DR Congo (Zaire),314,2011,126,1994-02-21,1,2011-11-03,1,1994,2011,18
236,South Sudan,314,2011,4,1994-02-21,1,2011-11-03,1,1994,2011,18
237,Sudan,314,2011,2,1994-02-21,1,2011-11-03,1,1994,2011,18
238,Central African Republic,314,2013,41,2013-06-24,0,2019-07-21,1,2013,2019,7
239,DR Congo (Zaire),314,2013,59,2013-06-24,0,2019-07-21,1,2013,2019,7
240,Central African Republic,314,2014,17,2013-06-24,0,2019-07-21,1,2013,2019,7
241,DR Congo (Zaire),314,2014,847,2013-06-24,0,2019-07-21,1,2013,2019,7
242,Central African Republic,416,2001,195,2001-06-01,0,2002-12-19,1,2001,2002,2
243,Central African Republic,416,2002,131,2001-06-01,1,2002-12-19,1,2001,2002,2
244,Central African Republic,416,2006,46,2006-11-28,1,2006-12-01,1,2006,2006,1
245,Central African Republic,416,2009,28,2009-11-26,0,2014-10-15,1,2009,2014,6
246,Central African Republic,416,2010,25,2009-11-26,0,2014-10-15,1,2009,2014,6
247,Central African Republic,416,2011,44,2009-11-26,0,2014-10-15,1,2009,2014,6
248,Central African Republic,416,2012,45,2009-11-26,0,2014-10-15,1,2009,2014,6
249,Central African Republic,416,2013,376,2009-11-26,0,2014-10-15,1,2009,2014,6
250,Central African Republic,416,2014,136,2009-11-26,1,2014-10-15,1,2009,2014,6
251,Central African Republic,15283,2015,27,2015-10-10,1,2015-10-10,1,2015,2015,1
252,Chad,288,1989,50,1989-03-03,0,1994-12-31,1,1989,1994,6
253,Sudan,288,1989,265,1989-03-03,0,1994-12-31,1,1989,1994,6
254,Chad,288,1990,652,1989-03-03,0,1994-12-31,1,1989,1994,6
255,Sudan,288,1990,700,1989-03-03,0,1994-12-31,1,1989,1994,6
256,Chad,288,1991,68,1989-03-03,0,1994-12-31,1,1989,1994,6
257,Chad,288,1992,899,1989-03-03,0,1994-12-31,1,1989,1994,6
258,Chad,288,1993,120,1989-03-03,0,1994-12-31,1,1989,1994,6
259,Chad,288,1994,156,1989-03-03,1,1994-12-31,1,1989,1994,6
260,Chad,288,1997,97,1997-10-30,0,2003-12-14,1,1997,2003,7
261,Chad,288,1998,34,1997-10-30,0,2003-12-14,1,1997,2003,7
262,Chad,288,1999,394,1997-10-30,0,2003-12-14,1,1997,2003,7
263,Chad,288,2000,989,1997-10-30,0,2003-12-14,1,1997,2003,7
264,Chad,288,2001,226,1997-10-30,0,2003-12-14,1,1997,2003,7
265,Chad,288,2002,294,1997-10-30,0,2003-12-14,1,1997,2003,7
266,Chad,288,2003,37,1997-10-30,1,2003-12-14,1,1997,2003,7
267,Chad,288,2005,100,2005-12-18,0,2010-04-28,1,2005,2010,6
268,Chad,288,2006,1250,2005-12-18,0,2010-04-28,1,2005,2010,6
269,Chad,288,2007,69,2005-12-18,0,2010-04-28,1,2005,2010,6
270,Chad,288,2008,991,2005-12-18,0,2010-04-28,1,2005,2010,6
271,Chad,288,2009,131,2005-12-18,0,2010-04-28,1,2005,2010,6
272,Chad,288,2010,4,2005-12-18,1,2010-04-28,1,2005,2010,6
273,Sudan,288,2010,38,2005-12-18,1,2010-04-28,1,2005,2010,6
274,Chad,288,2018,42,2018-08-11,1,2018-09-13,1,2018,2018,1
275,Chad,309,2009,4,1983-05-17,0,2018-12-16,1,1983,2018,36
276,Sudan,309,2009,349,1983-05-17,0,2018-12-16,1,1983,2018,36
277,Chad,13640,2015,272,2015-05-27,1,2015-11-01,1,2015,2015,1
278,China,439,2009,2,2009-08-29,1,2009-12-31,1,2009,2009,1
279,Myanmar (Burma),439,2009,78,2009-08-29,1,2009-12-31,1,2009,2009,1
280,China,439,2015,5,2014-12-22,1,2015-12-19,1,2014,2015,2
281,Myanmar (Burma),439,2015,304,2014-12-22,1,2015-12-19,1,2014,2015,2
282,China,11349,2008,36,2008-08-10,1,2008-08-29,1,2008,2008,1
283,Colombia,289,1989,238,1964-12-31,0,2016-12-29,1,1964,2016,53
284,Colombia,289,1990,501,1964-12-31,0,2016-12-29,1,1964,2016,53
285,Colombia,289,1991,725,1964-12-31,0,2016-12-29,1,1964,2016,53
286,Colombia,289,1992,1479,1964-12-31,0,2016-12-29,1,1964,2016,53
287,Colombia,289,1993,182,1964-12-31,0,2016-12-29,1,1964,2016,53
288,Colombia,289,1994,1123,1964-12-31,0,2016-12-29,1,1964,2016,53
289,Colombia,289,1995,823,1964-12-31,0,2016-12-29,1,1964,2016,53
290,Colombia,289,1996,1192,1964-12-31,0,2016-12-29,1,1964,2016,53
291,Colombia,289,1997,560,1964-12-31,0,2016-12-29,1,1964,2016,53
292,Colombia,289,1998,939,1964-12-31,0,2016-12-29,1,1964,2016,53
293,Colombia,289,1999,1374,1964-12-31,0,2016-12-29,1,1964,2016,53
294,Colombia,289,2000,1870,1964-12-31,0,2016-12-29,1,1964,2016,53
295,Colombia,289,2001,1864,1964-12-31,0,2016-12-29,1,1964,2016,53
296,Colombia,289,2002,2751,1964-12-31,0,2016-12-29,1,1964,2016,53
297,Colombia,289,2003,730,1964-12-31,0,2016-12-29,1,1964,2016,53
298,Colombia,289,2004,1234,1964-12-31,0,2016-12-29,1,1964,2016,53
299,Colombia,289,2005,1389,1964-12-31,0,2016-12-29,1,1964,2016,53
300,Colombia,289,2006,502,1964-12-31,0,2016-12-29,1,1964,2016,53
301,Colombia,289,2007,314,1964-12-31,0,2016-12-29,1,1964,2016,53
302,Venezuela,289,2007,2,1964-12-31,0,2016-12-29,1,1964,2016,53
303,Colombia,289,2008,219,1964-12-31,0,2016-12-29,1,1964,2016,53
304,Ecuador,289,2008,25,1964-12-31,0,2016-12-29,1,1964,2016,53
305,Colombia,289,2009,377,1964-12-31,0,2016-12-29,1,1964,2016,53
306,Colombia,289,2010,419,1964-12-31,0,2016-12-29,1,1964,2016,53
307,Colombia,289,2011,202,1964-12-31,0,2016-12-29,1,1964,2016,53
308,Colombia,289,2012,211,1964-12-31,0,2016-12-29,1,1964,2016,53
309,Colombia,289,2013,140,1964-12-31,0,2016-12-29,1,1964,2016,53
310,Colombia,289,2014,119,1964-12-31,0,2016-12-29,1,1964,2016,53
311,Colombia,289,2015,134,1964-12-31,0,2016-12-29,1,1964,2016,53
312,Colombia,289,2016,30,1964-12-31,1,2016-12-29,1,1964,2016,53
313,Comoros,362,1989,29,1989-11-29,1,1989-11-29,1,1989,1989,1
314,Comoros,407,1997,56,1997-09-05,1,1997-09-05,1,1997,1997,1
315,Congo,408,1993,53,1993-11-11,1,1993-12-27,1,1993,1993,1
316,Congo,408,1997,10000,1997-06-06,0,1999-12-06,1,1997,1999,3
317,DR Congo (Zaire),408,1997,33,1997-06-06,0,1999-12-06,1,1997,1999,3
318,Congo,408,1998,3272,1997-06-06,0,1999-12-06,1,1997,1999,3
319,Congo,408,1999,626,1997-06-06,1,1999-12-06,1,1997,1999,3
320,Congo,408,2002,167,2002-04-10,1,2002-12-31,1,2002,2002,1
321,Congo,408,2016,73,2016-04-05,1,2016-12-10,1,2016,2016,1
322,DR Congo (Zaire),265,2013,94,2013-03-18,0,2014-11-05,1,2013,2014,2
323,DR Congo (Zaire),265,2014,60,2013-03-18,1,2014-11-05,1,2013,2014,2
324,DR Congo (Zaire),265,2020,54,2020-03-28,1,2020-09-26,1,2020,2020,1
325,DR Congo (Zaire),283,1996,1304,1996-10-19,0,2001-09-29,1,1996,2001,6
326,DR Congo (Zaire),283,1997,4465,1996-10-19,0,2001-09-29,1,1996,2001,6
327,DR Congo (Zaire),283,1998,3268,1996-10-19,0,2001-09-29,1,1996,2001,6
328,DR Congo (Zaire),283,1999,2953,1996-10-19,0,2001-09-29,1,1996,2001,6
329,DR Congo (Zaire),283,2000,1294,1996-10-19,0,2001-09-29,1,1996,2001,6
330,DR Congo (Zaire),283,2001,454,1996-10-19,1,2001-09-29,1,1996,2001,6
331,DR Congo (Zaire),283,2005,34,2005-11-01,0,2008-10-29,1,2005,2008,4
332,DR Congo (Zaire),283,2006,175,2005-11-01,0,2008-10-29,1,2005,2008,4
333,Uganda,283,2006,7,2005-11-01,0,2008-10-29,1,2005,2008,4
334,DR Congo (Zaire),283,2007,516,2005-11-01,0,2008-10-29,1,2005,2008,4
335,DR Congo (Zaire),283,2008,486,2005-11-01,1,2008-10-29,1,2005,2008,4
336,DR Congo (Zaire),283,2011,41,2011-10-07,0,2014-04-30,1,2011,2014,4
337,DR Congo (Zaire),283,2012,734,2011-10-07,0,2014-04-30,1,2011,2014,4
338,Rwanda,283,2012,2,2011-10-07,0,2014-04-30,1,2011,2014,4
339,DR Congo (Zaire),283,2013,1378,2011-10-07,0,2014-04-30,1,2011,2014,4
340,Rwanda,283,2013,1,2011-10-07,0,2014-04-30,1,2011,2014,4
341,DR Congo (Zaire),283,2014,86,2011-10-07,1,2014-04-30,1,2011,2014,4
342,DR Congo (Zaire),314,1996,85,1994-02-21,0,2011-11-03,1,1994,2011,18
343,Uganda,314,1996,1155,1994-02-21,0,2011-11-03,1,1994,2011,18
344,DR Congo (Zaire),314,1998,87,1994-02-21,0,2011-11-03,1,1994,2011,18
345,Uganda,314,1998,748,1994-02-21,0,2011-11-03,1,1994,2011,18
346,DR Congo (Zaire),314,1999,14,1994-02-21,0,2011-11-03,1,1994,2011,18
347,Uganda,314,1999,341,1994-02-21,0,2011-11-03,1,1994,2011,18
348,DR Congo (Zaire),314,2000,24,1994-02-21,0,2011-11-03,1,1994,2011,18
349,Uganda,314,2000,364,1994-02-21,0,2011-11-03,1,1994,2011,18
350,DR Congo (Zaire),314,2001,32,1994-02-21,0,2011-11-03,1,1994,2011,18
351,Sudan,314,2001,49,1994-02-21,0,2011-11-03,1,1994,2011,18
352,Uganda,314,2001,108,1994-02-21,0,2011-11-03,1,1994,2011,18
353,DR Congo (Zaire),314,2002,73,1994-02-21,0,2011-11-03,1,1994,2011,18
354,Sudan,314,2002,291,1994-02-21,0,2011-11-03,1,1994,2011,18
355,Uganda,314,2002,722,1994-02-21,0,2011-11-03,1,1994,2011,18
356,DR Congo (Zaire),314,2006,2,1994-02-21,0,2011-11-03,1,1994,2011,18
357,Sudan,314,2006,28,1994-02-21,0,2011-11-03,1,1994,2011,18
358,Uganda,314,2006,191,1994-02-21,0,2011-11-03,1,1994,2011,18
359,DR Congo (Zaire),314,2008,31,1994-02-21,0,2011-11-03,1,1994,2011,18
360,Sudan,314,2008,22,1994-02-21,0,2011-11-03,1,1994,2011,18
361,DR Congo (Zaire),314,2015,197,2013-06-24,0,2019-07-21,1,2013,2019,7
362,DR Congo (Zaire),314,2016,152,2013-06-24,0,2019-07-21,1,2013,2019,7
363,DR Congo (Zaire),314,2017,237,2013-06-24,0,2019-07-21,1,2013,2019,7
364,DR Congo (Zaire),314,2018,378,2013-06-24,0,2019-07-21,1,2013,2019,7
365,DR Congo (Zaire),314,2019,165,2013-06-24,1,2019-07-21,1,2013,2019,7
366,DR Congo (Zaire),374,1997,101,1996-07-12,0,2002-09-29,1,1996,2002,7
367,Rwanda,374,1997,535,1996-07-12,0,2002-09-29,1,1996,2002,7
368,DR Congo (Zaire),374,1998,1,1996-07-12,0,2002-09-29,1,1996,2002,7
369,Rwanda,374,1998,1095,1996-07-12,0,2002-09-29,1,1996,2002,7
370,DR Congo (Zaire),374,1999,315,1996-07-12,0,2002-09-29,1,1996,2002,7
371,DR Congo (Zaire),374,2000,155,1996-07-12,0,2002-09-29,1,1996,2002,7
372,DR Congo (Zaire),374,2009,1824,2009-02-16,0,2012-12-02,1,2009,2012,4
373,DR Congo (Zaire),374,2010,208,2009-02-16,0,2012-12-02,1,2009,2012,4
374,DR Congo (Zaire),374,2011,116,2009-02-16,0,2012-12-02,1,2009,2012,4
375,DR Congo (Zaire),374,2012,72,2009-02-16,1,2012-12-02,1,2009,2012,4
376,Rwanda,374,2012,11,2009-02-16,1,2012-12-02,1,2009,2012,4
377,DR Congo (Zaire),374,2016,136,2016-03-29,1,2016-11-15,1,2016,2016,1
378,DR Congo (Zaire),374,2019,207,2019-05-25,0,2020-12-30,1,2019,2020,2
379,Rwanda,374,2019,19,2019-05-25,0,2020-12-30,1,2019,2020,2
380,DR Congo (Zaire),374,2020,134,2019-05-25,1,2020-12-30,1,2019,2020,2
381,DR Congo (Zaire),429,2007,116,2007-02-01,0,2008-03-31,1,2007,2008,2
382,DR Congo (Zaire),429,2008,250,2007-02-01,1,2008-03-31,1,2007,2008,2
383,DR Congo (Zaire),429,2017,86,2017-08-07,1,2017-08-31,1,2017,2017,1
384,DR Congo (Zaire),429,2020,64,2020-04-22,1,2020-04-24,1,2020,2020,1
385,Djibouti,337,1989,6,1986-03-03,0,1996-12-20,1,1986,1996,11
386,Somalia,337,1989,373,1986-03-03,0,1996-12-20,1,1986,1996,11
387,Djibouti,337,1990,60,1986-03-03,0,1996-12-20,1,1986,1996,11
388,Somalia,337,1990,2650,1986-03-03,0,1996-12-20,1,1986,1996,11
389,Djibouti,379,1991,59,1991-11-13,0,1994-03-04,1,1991,1994,4
390,Djibouti,379,1992,129,1991-11-13,0,1994-03-04,1,1991,1994,4
391,Djibouti,379,1993,33,1991-11-13,0,1994-03-04,1,1991,1994,4
392,Djibouti,379,1994,39,1991-11-13,1,1994-03-04,1,1991,1994,4
393,Djibouti,379,1999,25,1999-07-24,1,1999-08-31,1,1999,1999,1
394,Djibouti,435,2008,35,2008-06-11,1,2008-06-11,1,2008,2008,1
395,Ecuador,403,1995,11,1995-01-31,1,1995-12-31,1,1995,1995,1
396,Peru,403,1995,88,1995-01-31,1,1995-12-31,1,1995,1995,1
397,Egypt,391,1993,103,1993-03-10,0,1998-11-02,1,1993,1998,6
398,Egypt,391,1994,145,1993-03-10,0,1998-11-02,1,1993,1998,6
399,Egypt,391,1995,187,1993-03-10,0,1998-11-02,1,1993,1998,6
400,Ethiopia,391,1995,4,1993-03-10,0,1998-11-02,1,1993,1998,6
401,Egypt,391,1996,85,1993-03-10,0,1998-11-02,1,1993,1998,6
402,Egypt,391,1997,66,1993-03-10,0,1998-11-02,1,1993,1998,6
403,Egypt,391,1998,27,1993-03-10,1,1998-11-02,1,1993,1998,6
404,Egypt,391,2014,184,2014-04-24,1,2014-10-24,1,2014,2014,1
405,Egypt,391,2017,103,2017-07-14,0,2019-09-24,1,2017,2019,3
406,Egypt,391,2018,28,2017-07-14,0,2019-09-24,1,2017,2019,3
407,Egypt,391,2019,48,2017-07-14,1,2019-09-24,1,2017,2019,3
408,El Salvador,316,1989,4924,1979-09-14,0,1991-11-18,1,1979,1991,13
409,El Salvador,316,1990,849,1979-09-14,0,1991-11-18,1,1979,1991,13
410,El Salvador,316,1991,88,1979-09-14,1,1991-11-18,1,1979,1991,13
411,Eritrea,326,1997,31,1997-06-30,1,1997-06-30,1,1997,1997,1
412,Eritrea,326,1999,25,1999-04-04,1,1999-11-29,1,1999,1999,1
413,Eritrea,326,2003,57,2003-07-17,1,2003-08-09,1,2003,2003,1
414,Eritrea,409,1998,792,1998-05-31,0,2000-06-18,1,1998,2000,3
415,Ethiopia,409,1998,208,1998-05-31,0,2000-06-18,1,1998,2000,3
416,Eritrea,409,1999,17178,1998-05-31,0,2000-06-18,1,1998,2000,3
417,Ethiopia,409,1999,30014,1998-05-31,0,2000-06-18,1,1998,2000,3
418,Eritrea,409,2000,1793,1998-05-31,1,2000-06-18,1,1998,2000,3
419,Ethiopia,409,2000,48207,1998-05-31,1,2000-06-18,1,1998,2000,3
420,Eritrea,409,2016,25,2016-06-13,1,2016-06-13,1,2016,2016,1
421,Ethiopia,267,1989,18403,1976-06-02,0,1991-05-28,1,1976,1991,16
422,Ethiopia,267,1990,18985,1976-06-02,0,1991-05-28,1,1976,1991,16
423,Ethiopia,267,1991,4518,1976-06-02,1,1991-05-28,1,1976,1991,16
424,Ethiopia,275,1989,5930,1964-03-15,0,1991-05-31,1,1964,1991,28
425,Ethiopia,275,1990,30633,1964-03-15,0,1991-05-31,1,1964,1991,28
426,Ethiopia,275,1991,6907,1964-03-15,1,1991-05-31,1,1964,1991,28
427,Ethiopia,309,2011,2,1983-05-17,0,2018-12-16,1,1983,2018,36
428,Sudan,309,2011,1257,1983-05-17,0,2018-12-16,1,1983,2018,36
429,Ethiopia,329,1993,36,1993-10-13,0,1994-02-26,1,1993,1994,2
430,Ethiopia,329,1994,50,1993-10-13,1,1994-02-26,1,1993,1994,2
431,Ethiopia,329,1996,27,1996-08-09,1,1996-12-31,1,1996,1996,1
432,Somalia,329,1996,184,1996-08-09,1,1996-12-31,1,1996,1996,1
433,Ethiopia,329,1998,25,1998-12-31,0,2016-12-31,1,1998,2016,19
434,Ethiopia,329,1999,50,1998-12-31,0,2016-12-31,1,1998,2016,19
435,Somalia,329,1999,0,1998-12-31,0,2016-12-31,1,1998,2016,19
436,Ethiopia,329,2000,25,1998-12-31,0,2016-12-31,1,1998,2016,19
437,Ethiopia,329,2001,25,1998-12-31,0,2016-12-31,1,1998,2016,19
438,Ethiopia,329,2002,25,1998-12-31,0,2016-12-31,1,1998,2016,19
439,Ethiopia,329,2003,25,1998-12-31,0,2016-12-31,1,1998,2016,19
440,Ethiopia,329,2004,25,1998-12-31,0,2016-12-31,1,1998,2016,19
441,Somalia,329,2004,0,1998-12-31,0,2016-12-31,1,1998,2016,19
442,Ethiopia,329,2005,58,1998-12-31,0,2016-12-31,1,1998,2016,19
443,Ethiopia,329,2006,25,1998-12-31,0,2016-12-31,1,1998,2016,19
444,Ethiopia,329,2007,152,1998-12-31,0,2016-12-31,1,1998,2016,19
445,Ethiopia,329,2008,25,1998-12-31,0,2016-12-31,1,1998,2016,19
446,Ethiopia,329,2009,473,1998-12-31,0,2016-12-31,1,1998,2016,19
447,Ethiopia,329,2010,126,1998-12-31,0,2016-12-31,1,1998,2016,19
448,Somalia,329,2010,0,1998-12-31,0,2016-12-31,1,1998,2016,19
449,Ethiopia,329,2011,24,1998-12-31,0,2016-12-31,1,1998,2016,19
450,Kenya,329,2011,1,1998-12-31,0,2016-12-31,1,1998,2016,19
451,Ethiopia,329,2012,25,1998-12-31,0,2016-12-31,1,1998,2016,19
452,Ethiopia,329,2013,52,1998-12-31,0,2016-12-31,1,1998,2016,19
453,Ethiopia,329,2014,25,1998-12-31,0,2016-12-31,1,1998,2016,19
454,Ethiopia,329,2015,25,1998-12-31,0,2016-12-31,1,1998,2016,19
455,Ethiopia,329,2016,25,1998-12-31,1,2016-12-31,1,1998,2016,19
456,Ethiopia,363,1996,25,1996-12-31,1,1996-12-31,1,1996,1996,1
457,Ethiopia,413,1989,25,1983-07-31,0,1992-06-30,1,1983,1992,10
458,Ethiopia,413,1990,80,1983-07-31,0,1992-06-30,1,1983,1992,10
459,Ethiopia,413,1991,700,1983-07-31,0,1992-06-30,1,1983,1992,10
460,Ethiopia,413,1992,165,1983-07-31,1,1992-06-30,1,1983,1992,10
461,Ethiopia,413,1994,25,1994-12-31,0,1995-12-31,1,1994,1995,2
462,Ethiopia,413,1995,25,1994-12-31,1,1995-12-31,1,1994,1995,2
463,Ethiopia,413,1998,25,1998-12-31,0,2013-12-31,1,1998,2013,16
464,Ethiopia,413,1999,665,1998-12-31,0,2013-12-31,1,1998,2013,16
465,Kenya,413,1999,18,1998-12-31,0,2013-12-31,1,1998,2013,16
466,Ethiopia,413,2000,25,1998-12-31,0,2013-12-31,1,1998,2013,16
467,Ethiopia,413,2001,15,1998-12-31,0,2013-12-31,1,1998,2013,16
468,Kenya,413,2001,10,1998-12-31,0,2013-12-31,1,1998,2013,16
469,Ethiopia,413,2002,25,1998-12-31,0,2013-12-31,1,1998,2013,16
470,Ethiopia,413,2003,25,1998-12-31,0,2013-12-31,1,1998,2013,16
471,Ethiopia,413,2004,25,1998-12-31,0,2013-12-31,1,1998,2013,16
472,Ethiopia,413,2005,25,1998-12-31,0,2013-12-31,1,1998,2013,16
473,Ethiopia,413,2006,25,1998-12-31,0,2013-12-31,1,1998,2013,16
474,Ethiopia,413,2007,25,1998-12-31,0,2013-12-31,1,1998,2013,16
475,Ethiopia,413,2008,25,1998-12-31,0,2013-12-31,1,1998,2013,16
476,Ethiopia,413,2009,42,1998-12-31,0,2013-12-31,1,1998,2013,16
477,Ethiopia,413,2010,25,1998-12-31,0,2013-12-31,1,1998,2013,16
478,Ethiopia,413,2011,25,1998-12-31,0,2013-12-31,1,1998,2013,16
479,Ethiopia,413,2012,25,1998-12-31,0,2013-12-31,1,1998,2013,16
480,Ethiopia,413,2013,25,1998-12-31,1,2013-12-31,1,1998,2013,16
481,Ethiopia,413,2015,24,2015-12-31,0,2016-12-31,1,2015,2016,2
482,Kenya,413,2015,1,2015-12-31,0,2016-12-31,1,2015,2016,2
483,Ethiopia,413,2016,25,2015-12-31,1,2016-12-31,1,2015,2016,2
484,Ethiopia,11447,1991,100,1991-10-10,1,1991-10-10,1,1991,1991,1
485,Ethiopia,14935,2019,27,2019-06-22,1,2019-06-24,1,2019,2019,1
486,France,234,1992,0,1949-12-31,0,1996-09-30,1,1949,1996,48
487,Israel,234,1992,29,1949-12-31,0,1996-09-30,1,1949,1996,48
488,Lebanon,234,1992,4,1949-12-31,0,1996-09-30,1,1949,1996,48
489,France,352,1996,0,1984-09-01,0,2001-12-12,1,1984,2001,18
490,Sri Lanka,352,1996,3868,1984-09-01,0,2001-12-12,1,1984,2001,18
491,Georgia,380,1991,52,1991-12-28,0,1993-11-16,1,1991,1993,3
492,Georgia,380,1992,71,1991-12-28,0,1993-11-16,1,1991,1993,3
493,Georgia,380,1993,152,1991-12-28,1,1993-11-16,1,1991,1993,3
494,Georgia,392,1992,566,1992-08-17,0,1993-11-29,1,1992,1993,2
495,Georgia,392,1993,1611,1992-08-17,1,1993-11-29,1,1992,1993,2
496,Georgia,393,1992,134,1992-06-08,1,1992-08-14,1,1992,1992,1
497,Georgia,393,2004,27,2004-08-19,1,2004-10-12,1,2004,2004,1
498,Georgia,393,2008,621,2008-08-12,1,2008-11-09,1,2008,2008,1
499,Georgia,401,2002,0,1999-08-11,0,2007-10-06,1,1999,2007,9
500,Russia (Soviet Union),401,2002,1289,1999-08-11,0,2007-10-06,1,1999,2007,9
501,Germany,315,1989,3,1971-08-31,0,1991-11-26,1,1971,1991,21
502,United Kingdom,315,1989,35,1971-08-31,0,1991-11-26,1,1971,1991,21
503,Germany,315,1990,1,1971-08-31,0,1991-11-26,1,1971,1991,21
504,Netherlands,315,1990,2,1971-08-31,0,1991-11-26,1,1971,1991,21
505,United Kingdom,315,1990,41,1971-08-31,0,1991-11-26,1,1971,1991,21
506,Guatemala,233,1989,82,1965-12-31,0,1995-12-31,1,1965,1995,31
507,Guatemala,233,1990,83,1965-12-31,0,1995-12-31,1,1965,1995,31
508,Guatemala,233,1991,72,1965-12-31,0,1995-12-31,1,1965,1995,31
509,Guatemala,233,1992,67,1965-12-31,0,1995-12-31,1,1965,1995,31
510,Guatemala,233,1993,58,1965-12-31,0,1995-12-31,1,1965,1995,31
511,Guatemala,233,1994,37,1965-12-31,0,1995-12-31,1,1965,1995,31
512,Guatemala,233,1995,27,1965-12-31,1,1995-12-31,1,1965,1995,31
513,Guinea,307,2000,217,2000-09-17,0,2001-07-19,1,2000,2001,2
514,Guinea,307,2001,430,2000-09-17,1,2001-07-19,1,2000,2001,2
515,Liberia,307,2001,0,2000-09-17,1,2001-07-19,1,2000,2001,2
516,Sierra Leone,307,2001,2,2000-09-17,1,2001-07-19,1,2000,2001,2
517,Guinea-Bissau,375,1992,2,1992-09-01,0,1993-11-16,1,1992,1993,2
518,Senegal,375,1992,76,1992-09-01,0,1993-11-16,1,1992,1993,2
519,Guinea-Bissau,375,2000,0,2000-04-11,0,2001-12-07,1,2000,2001,2
520,Senegal,375,2000,47,2000-04-11,0,2001-12-07,1,2000,2001,2
521,Guinea-Bissau,410,1998,505,1998-06-07,0,1999-05-07,1,1998,1999,2
522,Guinea-Bissau,410,1999,199,1998-06-07,1,1999-05-07,1,1998,1999,2
523,Haiti,381,1989,48,1989-04-08,1,1989-04-08,1,1989,1989,1
524,Haiti,381,1991,160,1991-10-02,1,1991-10-02,1,1991,1991,1
525,Haiti,381,2004,207,2004-02-08,1,2004-11-19,1,2004,2004,1
526,India,218,1989,25,1989-12-31,0,1992-12-31,1,1989,1992,4
527,India,218,1990,25,1989-12-31,0,1992-12-31,1,1989,1992,4
528,Pakistan,218,1990,3,1989-12-31,0,1992-12-31,1,1989,1992,4
529,India,218,1991,72,1989-12-31,0,1992-12-31,1,1989,1992,4
530,Pakistan,218,1991,27,1989-12-31,0,1992-12-31,1,1989,1992,4
531,India,218,1992,25,1989-12-31,1,1992-12-31,1,1989,1992,4
532,India,218,1994,6,1994-06-28,1,1994-11-28,1,1994,1994,1
533,Pakistan,218,1994,36,1994-06-28,1,1994-11-28,1,1994,1994,1
534,India,218,1996,30,1996-12-31,0,2003-11-22,1,1996,2003,8
535,Pakistan,218,1996,5,1996-12-31,0,2003-11-22,1,1996,2003,8
536,India,218,1997,82,1996-12-31,0,2003-11-22,1,1996,2003,8
537,Pakistan,218,1997,45,1996-12-31,0,2003-11-22,1,1996,2003,8
538,India,218,1998,95,1996-12-31,0,2003-11-22,1,1996,2003,8
539,Pakistan,218,1998,52,1996-12-31,0,2003-11-22,1,1996,2003,8
540,India,218,1999,902,1996-12-31,0,2003-11-22,1,1996,2003,8
541,Pakistan,218,1999,32,1996-12-31,0,2003-11-22,1,1996,2003,8
542,India,218,2000,140,1996-12-31,0,2003-11-22,1,1996,2003,8
543,Pakistan,218,2000,58,1996-12-31,0,2003-11-22,1,1996,2003,8
544,India,218,2001,30,1996-12-31,0,2003-11-22,1,1996,2003,8
545,Pakistan,218,2001,16,1996-12-31,0,2003-11-22,1,1996,2003,8
546,India,218,2002,82,1996-12-31,0,2003-11-22,1,1996,2003,8
547,Pakistan,218,2002,130,1996-12-31,0,2003-11-22,1,1996,2003,8
548,India,218,2003,89,1996-12-31,1,2003-11-22,1,1996,2003,8
549,Pakistan,218,2003,148,1996-12-31,1,2003-11-22,1,1996,2003,8
550,India,218,2013,16,2013-10-04,0,2020-12-30,1,2013,2020,8
551,Pakistan,218,2013,15,2013-10-04,0,2020-12-30,1,2013,2020,8
552,India,218,2014,31,2013-10-04,0,2020-12-30,1,2013,2020,8
553,Pakistan,218,2014,18,2013-10-04,0,2020-12-30,1,2013,2020,8
554,India,218,2015,32,2013-10-04,0,2020-12-30,1,2013,2020,8
555,Pakistan,218,2015,31,2013-10-04,0,2020-12-30,1,2013,2020,8
556,India,218,2016,44,2013-10-04,0,2020-12-30,1,2013,2020,8
557,Pakistan,218,2016,56,2013-10-04,0,2020-12-30,1,2013,2020,8
558,India,218,2017,59,2013-10-04,0,2020-12-30,1,2013,2020,8
559,Pakistan,218,2017,92,2013-10-04,0,2020-12-30,1,2013,2020,8
560,India,218,2018,102,2013-10-04,0,2020-12-30,1,2013,2020,8
561,Pakistan,218,2018,27,2013-10-04,0,2020-12-30,1,2013,2020,8
562,India,218,2019,111,2013-10-04,0,2020-12-30,1,2013,2020,8
563,Pakistan,218,2019,53,2013-10-04,0,2020-12-30,1,2013,2020,8
564,India,218,2020,96,2013-10-04,1,2020-12-30,1,2013,2020,8
565,Pakistan,218,2020,66,2013-10-04,1,2020-12-30,1,2013,2020,8
566,India,227,1991,78,1991-07-16,0,1994-12-02,1,1991,1994,4
567,India,227,1992,322,1991-07-16,0,1994-12-02,1,1991,1994,4
568,India,227,1993,182,1991-07-16,0,1994-12-02,1,1991,1994,4
569,India,227,1994,68,1991-07-16,1,1994-12-02,1,1991,1994,4
570,India,251,1992,47,1992-08-05,0,1997-07-22,1,1992,1997,6
571,India,251,1993,92,1992-08-05,0,1997-07-22,1,1992,1997,6
572,India,251,1994,60,1992-08-05,0,1997-07-22,1,1992,1997,6
573,India,251,1995,95,1992-08-05,0,1997-07-22,1,1992,1997,6
574,India,251,1996,40,1992-08-05,0,1997-07-22,1,1992,1997,6
575,India,251,1997,37,1992-08-05,1,1997-07-22,1,1992,1997,6
576,India,251,2000,30,2000-09-13,1,2000-09-13,1,2000,2000,1
577,India,274,2020,25,2020-08-30,1,2020-08-30,1,2020,2020,1
578,India,335,1992,29,1992-10-12,1,1992-12-31,1,1992,1992,1
579,India,335,1997,72,1997-06-10,1,1997-11-07,1,1997,1997,1
580,India,335,1999,32,1999-09-26,0,2004-12-28,1,1999,2004,6
581,India,335,2000,61,1999-09-26,0,2004-12-28,1,1999,2004,6
582,India,335,2001,32,1999-09-26,0,2004-12-28,1,1999,2004,6
583,India,335,2002,40,1999-09-26,0,2004-12-28,1,1999,2004,6
584,India,335,2003,32,1999-09-26,0,2004-12-28,1,1999,2004,6
585,India,335,2004,26,1999-09-26,1,2004-12-28,1,1999,2004,6
586,India,347,1993,25,1993-12-31,0,1996-12-19,1,1993,1996,4
587,India,347,1994,25,1993-12-31,0,1996-12-19,1,1993,1996,4
588,India,347,1995,25,1993-12-31,0,1996-12-19,1,1993,1996,4
589,India,347,1996,28,1993-12-31,1,1996-12-19,1,1993,1996,4
590,India,347,1998,25,1998-12-31,0,2000-12-20,1,1998,2000,3
591,India,347,1999,31,1998-12-31,0,2000-12-20,1,1998,2000,3
592,India,347,2000,60,1998-12-31,1,2000-12-20,1,1998,2000,3
593,India,347,2003,27,2003-07-21,0,2009-12-28,1,2003,2009,7
594,India,347,2004,60,2003-07-21,0,2009-12-28,1,2003,2009,7
595,India,347,2005,47,2003-07-21,0,2009-12-28,1,2003,2009,7
596,India,347,2006,73,2003-07-21,0,2009-12-28,1,2003,2009,7
597,India,347,2007,45,2003-07-21,0,2009-12-28,1,2003,2009,7
598,India,347,2008,99,2003-07-21,0,2009-12-28,1,2003,2009,7
599,India,347,2009,96,2003-07-21,1,2009-12-28,1,2003,2009,7
600,India,351,1989,905,1983-12-31,0,1993-12-24,1,1983,1993,11
601,India,351,1990,1839,1983-12-31,0,1993-12-24,1,1983,1993,11
602,India,351,1991,2673,1983-12-31,0,1993-12-24,1,1983,1993,11
603,India,351,1992,2390,1983-12-31,0,1993-12-24,1,1983,1993,11
604,India,351,1993,358,1983-12-31,1,1993-12-24,1,1983,1993,11
605,India,365,1990,30,1990-11-30,1,1990-11-30,1,1990,1990,1
606,India,365,1994,25,1994-12-31,0,2010-10-16,1,1994,2010,17
607,India,365,1995,29,1994-12-31,0,2010-10-16,1,1994,2010,17
608,India,365,1996,48,1994-12-31,0,2010-10-16,1,1994,2010,17
609,India,365,1997,112,1994-12-31,0,2010-10-16,1,1994,2010,17
610,India,365,1998,55,1994-12-31,0,2010-10-16,1,1994,2010,17
611,India,365,1999,53,1994-12-31,0,2010-10-16,1,1994,2010,17
612,India,365,2000,87,1994-12-31,0,2010-10-16,1,1994,2010,17
613,India,365,2001,113,1994-12-31,0,2010-10-16,1,1994,2010,17
614,India,365,2002,59,1994-12-31,0,2010-10-16,1,1994,2010,17
615,India,365,2003,43,1994-12-31,0,2010-10-16,1,1994,2010,17
616,India,365,2004,70,1994-12-31,0,2010-10-16,1,1994,2010,17
617,India,365,2005,78,1994-12-31,0,2010-10-16,1,1994,2010,17
618,India,365,2006,49,1994-12-31,0,2010-10-16,1,1994,2010,17
619,India,365,2007,114,1994-12-31,0,2010-10-16,1,1994,2010,17
620,India,365,2008,75,1994-12-31,0,2010-10-16,1,1994,2010,17
621,India,365,2009,63,1994-12-31,0,2010-10-16,1,1994,2010,17
622,India,365,2010,32,1994-12-31,1,2010-10-16,1,1994,2010,17
623,India,421,1989,72,1989-03-16,0,1990-12-31,1,1989,1990,2
624,India,421,1990,25,1989-03-16,1,1990-12-31,1,1989,1990,2
625,India,421,1994,36,1994-07-23,1,1994-07-24,1,1994,1994,1
626,India,421,1996,25,1996-10-28,0,1999-10-07,1,1996,1999,4
627,India,421,1998,31,1996-10-28,0,1999-10-07,1,1996,1999,4
628,India,421,1999,33,1996-10-28,1,1999-10-07,1,1996,1999,4
629,India,421,2001,77,2001-08-04,0,2004-11-03,1,2001,2004,4
630,India,421,2002,44,2001-08-04,0,2004-11-03,1,2001,2004,4
631,India,421,2003,109,2001-08-04,0,2004-11-03,1,2001,2004,4
632,India,421,2004,27,2001-08-04,1,2004-11-03,1,2001,2004,4
633,India,421,2009,73,2009-06-11,0,2010-11-08,1,2009,2010,2
634,India,421,2010,57,2009-06-11,1,2010-11-08,1,2009,2010,2
635,India,421,2013,28,2013-12-11,0,2014-12-31,1,2013,2014,2
636,India,421,2014,39,2013-12-11,1,2014-12-31,1,2013,2014,2
637,India,434,2008,25,2008-12-04,1,2008-12-22,1,2008,2008,1
638,India,11342,2012,27,2012-11-15,1,2012-12-21,1,2012,2012,1
639,India,11342,2014,26,2014-07-01,1,2014-11-27,1,2014,2014,1
640,India,11475,2000,3,2000-02-28,0,2001-05-18,1,2000,2001,2
641,Myanmar (Burma),11475,2000,40,2000-02-28,0,2001-05-18,1,2000,2001,2
642,India,13653,2015,161,2015-06-04,0,2018-12-03,1,2015,2018,4
643,India,13653,2016,47,2015-06-04,0,2018-12-03,1,2015,2018,4
644,India,13653,2017,39,2015-06-04,0,2018-12-03,1,2015,2018,4
645,India,13653,2018,27,2015-06-04,1,2018-12-03,1,2015,2018,4
646,Indonesia,291,2018,25,2018-12-02,1,2018-12-02,1,2018,2018,1
647,Indonesia,330,1992,39,1992-12-15,1,1992-12-15,1,1992,1992,1
648,Indonesia,330,1997,51,1997-05-31,0,1999-09-22,1,1997,1999,3
649,Indonesia,330,1998,30,1997-05-31,0,1999-09-22,1,1997,1999,3
650,Indonesia,330,1999,26,1997-05-31,1,1999-09-22,1,1997,1999,3
651,Indonesia,366,1990,72,1990-06-06,0,1991-12-28,1,1990,1991,2
652,Indonesia,366,1991,58,1990-06-06,1,1991-12-28,1,1990,1991,2
653,Indonesia,366,1999,187,1999-06-01,0,2005-10-12,1,1999,2005,7
654,Indonesia,366,2000,286,1999-06-01,0,2005-10-12,1,1999,2005,7
655,Indonesia,366,2001,278,1999-06-01,0,2005-10-12,1,1999,2005,7
656,Indonesia,366,2002,466,1999-06-01,0,2005-10-12,1,1999,2005,7
657,Indonesia,366,2003,868,1999-06-01,0,2005-10-12,1,1999,2005,7
658,Indonesia,366,2004,935,1999-06-01,0,2005-10-12,1,1999,2005,7
659,Indonesia,366,2005,213,1999-06-01,1,2005-10-12,1,1999,2005,7
660,Iran,205,1990,31,1990-07-10,1,1990-08-17,1,1990,1990,1
661,Iran,205,1993,99,1993-09-12,1,1993-11-11,1,1993,1993,1
662,Iraq,205,1993,11,1993-09-12,1,1993-11-11,1,1993,1993,1
663,Iran,205,1996,23,1996-07-28,1,1996-07-28,1,1996,1996,1
664,Iraq,205,1996,4,1996-07-28,1,1996-07-28,1,1996,1996,1
665,Iran,205,2016,22,2016-09-07,1,2016-12-20,1,2016,2016,1
666,Iraq,205,2016,8,2016-09-07,1,2016-12-20,1,2016,2016,1
667,Iran,205,2018,32,2018-08-11,1,2018-10-12,1,2018,2018,1
668,Iraq,205,2018,12,2018-08-11,1,2018-10-12,1,2018,2018,1
669,Iran,271,1996,11,1995-03-14,1,1996-09-30,1,1995,1996,2
670,Iraq,271,1996,345,1995-03-14,1,1996-09-30,1,1995,1996,2
671,Iran,338,1991,44,1991-04-03,1,1991-04-03,1,1991,1991,1
672,Iraq,338,1991,1,1991-04-03,1,1991-04-03,1,1991,1991,1
673,Iran,338,1993,54,1993-04-09,1,1993-12-11,1,1993,1993,1
674,Iraq,338,1993,22,1993-04-09,1,1993-12-11,1,1993,1993,1
675,Italy,338,1993,0,1993-04-09,1,1993-12-11,1,1993,1993,1
676,Pakistan,338,1993,0,1993-04-09,1,1993-12-11,1,1993,1993,1
677,Iran,338,1997,37,1997-02-18,1,1997-11-02,1,1997,1997,1
678,Iraq,338,1997,1,1997-02-18,1,1997-11-02,1,1997,1997,1
679,Iran,338,1999,19,1999-11-25,0,2001-09-16,1,1999,2001,3
680,Iraq,338,1999,9,1999-11-25,0,2001-09-16,1,1999,2001,3
681,Iran,338,2000,40,1999-11-25,0,2001-09-16,1,1999,2001,3
682,Iraq,338,2000,0,1999-11-25,0,2001-09-16,1,1999,2001,3
683,Iran,338,2001,112,1999-11-25,1,2001-09-16,1,1999,2001,3
684,Iraq,338,2001,7,1999-11-25,1,2001-09-16,1,1999,2001,3
685,Iran,338,2005,28,2005-08-07,0,2011-12-27,1,2005,2011,7
686,Iran,338,2006,52,2005-08-07,0,2011-12-27,1,2005,2011,7
687,Iraq,338,2006,5,2005-08-07,0,2011-12-27,1,2005,2011,7
688,Iran,338,2007,86,2005-08-07,0,2011-12-27,1,2005,2011,7
689,Iraq,338,2007,0,2005-08-07,0,2011-12-27,1,2005,2011,7
690,Iran,338,2008,117,2005-08-07,0,2011-12-27,1,2005,2011,7
691,Iraq,338,2008,4,2005-08-07,0,2011-12-27,1,2005,2011,7
692,Pakistan,338,2008,0,2005-08-07,0,2011-12-27,1,2005,2011,7
693,Iran,338,2009,133,2005-08-07,0,2011-12-27,1,2005,2011,7
694,Iran,338,2010,74,2005-08-07,0,2011-12-27,1,2005,2011,7
695,Iran,338,2011,219,2005-08-07,1,2011-12-27,1,2005,2011,7
696,Iraq,338,2011,23,2005-08-07,1,2011-12-27,1,2005,2011,7
697,Iran,14268,2017,27,2017-06-11,1,2017-06-11,1,2017,2017,1
698,Iraq,259,1991,237,1991-04-24,0,1996-10-25,1,1991,1996,6
699,Iraq,259,1992,280,1991-04-24,0,1996-10-25,1,1991,1996,6
700,Iraq,259,1993,75,1991-04-24,0,1996-10-25,1,1991,1996,6
701,Iraq,259,1994,34,1991-04-24,0,1996-10-25,1,1991,1996,6
702,Iraq,259,1995,325,1991-04-24,0,1996-10-25,1,1991,1996,6
703,Iraq,259,1996,42,1991-04-24,1,1996-10-25,1,1991,1996,6
704,Iraq,271,1989,50,1973-07-31,0,1992-03-13,1,1973,1992,20
705,Iraq,271,1990,94,1973-07-31,0,1992-03-13,1,1973,1992,20
706,Iraq,271,1991,1247,1973-07-31,0,1992-03-13,1,1973,1992,20
707,Iraq,271,1992,26,1973-07-31,1,1992-03-13,1,1973,1992,20
708,Iraq,271,1995,262,1995-03-14,0,1996-09-30,1,1995,1996,2
709,Iraq,354,1991,6,1984-08-15,0,2013-03-12,1,1984,2013,30
710,Turkey,354,1991,347,1984-08-15,0,2013-03-12,1,1984,2013,30
711,Iraq,354,1992,21,1984-08-15,0,2013-03-12,1,1984,2013,30
712,Turkey,354,1992,1616,1984-08-15,0,2013-03-12,1,1984,2013,30
713,Iraq,354,1994,185,1984-08-15,0,2013-03-12,1,1984,2013,30
714,Turkey,354,1994,3920,1984-08-15,0,2013-03-12,1,1984,2013,30
715,Iraq,354,1995,70,1984-08-15,0,2013-03-12,1,1984,2013,30
716,Turkey,354,1995,3100,1984-08-15,0,2013-03-12,1,1984,2013,30
717,Iraq,354,1996,184,1984-08-15,0,2013-03-12,1,1984,2013,30
718,Turkey,354,1996,3330,1984-08-15,0,2013-03-12,1,1984,2013,30
719,Iraq,354,1997,2019,1984-08-15,0,2013-03-12,1,1984,2013,30
720,Turkey,354,1997,2317,1984-08-15,0,2013-03-12,1,1984,2013,30
721,Iraq,354,1998,49,1984-08-15,0,2013-03-12,1,1984,2013,30
722,Turkey,354,1998,1994,1984-08-15,0,2013-03-12,1,1984,2013,30
723,Iraq,354,1999,262,1984-08-15,0,2013-03-12,1,1984,2013,30
724,Turkey,354,1999,1138,1984-08-15,0,2013-03-12,1,1984,2013,30
725,Iraq,354,2000,53,1984-08-15,0,2013-03-12,1,1984,2013,30
726,Turkey,354,2000,123,1984-08-15,0,2013-03-12,1,1984,2013,30
727,Iraq,354,2001,29,1984-08-15,0,2013-03-12,1,1984,2013,30
728,Turkey,354,2001,103,1984-08-15,0,2013-03-12,1,1984,2013,30
729,Iraq,354,2002,26,1984-08-15,0,2013-03-12,1,1984,2013,30
730,Turkey,354,2002,28,1984-08-15,0,2013-03-12,1,1984,2013,30
731,Iraq,354,2003,0,1984-08-15,0,2013-03-12,1,1984,2013,30
732,Turkey,354,2003,82,1984-08-15,0,2013-03-12,1,1984,2013,30
733,Iraq,354,2004,1,1984-08-15,0,2013-03-12,1,1984,2013,30
734,Turkey,354,2004,194,1984-08-15,0,2013-03-12,1,1984,2013,30
735,Iraq,354,2007,5,1984-08-15,0,2013-03-12,1,1984,2013,30
736,Turkey,354,2007,494,1984-08-15,0,2013-03-12,1,1984,2013,30
737,Iraq,354,2008,117,1984-08-15,0,2013-03-12,1,1984,2013,30
738,Turkey,354,2008,471,1984-08-15,0,2013-03-12,1,1984,2013,30
739,Iraq,354,2009,9,1984-08-15,0,2013-03-12,1,1984,2013,30
740,Turkey,354,2009,138,1984-08-15,0,2013-03-12,1,1984,2013,30
741,Iraq,354,2010,129,1984-08-15,0,2013-03-12,1,1984,2013,30
742,Turkey,354,2010,223,1984-08-15,0,2013-03-12,1,1984,2013,30
743,Iraq,354,2011,190,1984-08-15,0,2013-03-12,1,1984,2013,30
744,Turkey,354,2011,402,1984-08-15,0,2013-03-12,1,1984,2013,30
745,Iraq,354,2012,73,1984-08-15,0,2013-03-12,1,1984,2013,30
746,Turkey,354,2012,780,1984-08-15,0,2013-03-12,1,1984,2013,30
747,Iraq,354,2013,11,1984-08-15,1,2013-03-12,1,1984,2013,30
748,Turkey,354,2013,20,1984-08-15,1,2013-03-12,1,1984,2013,30
749,Iraq,371,1991,21252,1990-08-02,1,1991-03-01,1,1990,1991,2
750,Kuwait,371,1991,446,1990-08-02,1,1991-03-01,1,1990,1991,2
751,Philippines,371,1991,1,1990-08-02,1,1991-03-01,1,1990,1991,2
752,Saudi Arabia,371,1991,91,1990-08-02,1,1991-03-01,1,1990,1991,2
753,Iraq,420,2003,7927,2003-03-23,1,2003-04-28,1,2003,2003,1
754,Iraq,13902,2016,49,2015-11-14,0,2017-09-06,1,2015,2017,3
755,Syria,13902,2016,991,2015-11-14,0,2017-09-06,1,2015,2017,3
756,Turkey,13902,2016,47,2015-11-14,0,2017-09-06,1,2015,2017,3
757,Israel,234,1989,5,1949-12-31,0,1996-09-30,1,1949,1996,48
758,Lebanon,234,1989,49,1949-12-31,0,1996-09-30,1,1949,1996,48
759,Israel,234,1990,18,1949-12-31,0,1996-09-30,1,1949,1996,48
760,Lebanon,234,1990,11,1949-12-31,0,1996-09-30,1,1949,1996,48
761,Israel,234,1991,16,1949-12-31,0,1996-09-30,1,1949,1996,48
762,Lebanon,234,1991,12,1949-12-31,0,1996-09-30,1,1949,1996,48
763,Israel,234,1993,47,1949-12-31,0,1996-09-30,1,1949,1996,48
764,Israel,234,1994,44,1949-12-31,0,1996-09-30,1,1949,1996,48
765,Israel,234,1995,34,1949-12-31,0,1996-09-30,1,1949,1996,48
766,Malta,234,1995,0,1949-12-31,0,1996-09-30,1,1949,1996,48
767,Israel,234,1996,66,1949-12-31,1,1996-09-30,1,1949,1996,48
768,Israel,234,2000,77,2000-10-01,0,2012-11-23,1,2000,2012,13
769,Israel,234,2001,244,2000-10-01,0,2012-11-23,1,2000,2012,13
770,Israel,234,2002,611,2000-10-01,0,2012-11-23,1,2000,2012,13
771,Israel,234,2003,310,2000-10-01,0,2012-11-23,1,2000,2012,13
772,Israel,234,2004,378,2000-10-01,0,2012-11-23,1,2000,2012,13
773,Syria,234,2004,1,2000-10-01,0,2012-11-23,1,2000,2012,13
774,Israel,234,2005,120,2000-10-01,0,2012-11-23,1,2000,2012,13
775,Israel,234,2006,328,2000-10-01,0,2012-11-23,1,2000,2012,13
776,Lebanon,234,2006,0,2000-10-01,0,2012-11-23,1,2000,2012,13
777,Israel,234,2007,276,2000-10-01,0,2012-11-23,1,2000,2012,13
778,Israel,234,2008,665,2000-10-01,0,2012-11-23,1,2000,2012,13
779,Israel,234,2009,696,2000-10-01,0,2012-11-23,1,2000,2012,13
780,Israel,234,2010,27,2000-10-01,0,2012-11-23,1,2000,2012,13
781,Israel,234,2011,78,2000-10-01,0,2012-11-23,1,2000,2012,13
782,Israel,234,2012,235,2000-10-01,1,2012-11-23,1,2000,2012,13
783,Israel,234,2014,2370,2014-07-07,1,2014-12-24,1,2014,2014,1
784,Israel,234,2018,53,2018-04-12,0,2019-11-14,1,2018,2019,2
785,Israel,234,2019,48,2018-04-12,1,2019-11-14,1,2018,2019,2
786,Syria,234,2019,2,2018-04-12,1,2019-11-14,1,2018,2019,2
787,Israel,426,1993,2,1990-07-10,0,1999-12-30,1,1990,1999,10
788,Lebanon,426,1993,122,1990-07-10,0,1999-12-30,1,1990,1999,10
789,Israel,426,1995,1,1990-07-10,0,1999-12-30,1,1990,1999,10
790,Lebanon,426,1995,73,1990-07-10,0,1999-12-30,1,1990,1999,10
791,Israel,426,1996,5,1990-07-10,0,1999-12-30,1,1990,1999,10
792,Lebanon,426,1996,90,1990-07-10,0,1999-12-30,1,1990,1999,10
793,Israel,426,2006,219,2006-07-13,1,2006-08-23,1,2006,2006,1
794,Lebanon,426,2006,588,2006-07-13,1,2006-08-23,1,2006,2006,1
795,Ivory Coast,341,1990,8,1989-12-26,1,1990-12-31,1,1989,1990,2
796,Liberia,341,1990,339,1989-12-26,1,1990-12-31,1,1989,1990,2
797,Ivory Coast,419,2002,624,2002-09-20,0,2004-11-09,1,2002,2004,3
798,Ivory Coast,419,2003,139,2002-09-20,0,2004-11-09,1,2002,2004,3
799,Ivory Coast,419,2004,47,2002-09-20,1,2004-11-09,1,2002,2004,3
800,Ivory Coast,419,2011,98,2011-02-25,1,2011-04-27,1,2011,2011,1
801,Jordan,13886,2016,34,2016-12-18,1,2016-12-29,1,2016,2016,1
802,Syria,13886,2016,0,2016-12-18,1,2016-12-29,1,2016,2016,1
803,Kuwait,371,1990,1058,1990-08-02,0,1991-03-01,1,1990,1991,2
804,Kyrgyzstan,415,1999,14,1999-03-30,0,2000-10-01,1,1999,2000,2
805,Tajikistan,415,1999,3,1999-03-30,0,2000-10-01,1,1999,2000,2
806,Uzbekistan,415,1999,50,1999-03-30,0,2000-10-01,1,1999,2000,2
807,Kyrgyzstan,415,2000,174,1999-03-30,1,2000-10-01,1,1999,2000,2
808,Uzbekistan,415,2000,297,1999-03-30,1,2000-10-01,1,1999,2000,2
809,Laos,262,1989,30,1989-08-25,0,1990-04-10,1,1989,1990,2
810,Laos,262,1990,249,1989-08-25,1,1990-04-10,1,1989,1990,2
811,Lebanon,260,1989,711,1989-03-14,0,1990-10-13,1,1989,1990,2
812,Lebanon,260,1990,700,1989-03-14,1,1990-10-13,1,1989,1990,2
813,Lebanon,426,1990,42,1990-07-10,0,1999-12-30,1,1990,1999,10
814,Lebanon,426,1991,28,1990-07-10,0,1999-12-30,1,1990,1999,10
815,Lebanon,426,1994,82,1990-07-10,0,1999-12-30,1,1990,1999,10
816,Lebanon,426,1997,82,1990-07-10,0,1999-12-30,1,1990,1999,10
817,Lebanon,426,1998,54,1990-07-10,0,1999-12-30,1,1990,1999,10
818,Lebanon,426,1999,41,1990-07-10,1,1999-12-30,1,1990,1999,10
819,Lebanon,13675,2014,126,2014-08-03,0,2015-12-15,1,2014,2015,2
820,Lebanon,13675,2015,76,2014-08-03,1,2015-12-15,1,2014,2015,2
821,Lebanon,13675,2017,70,2017-08-19,1,2017-08-27,1,2017,2017,1
822,Lesotho,411,1998,78,1998-09-22,1,1998-09-28,1,1998,1998,1
823,Liberia,341,1989,27,1989-12-26,0,1990-12-31,1,1989,1990,2
824,Liberia,341,2000,57,2000-05-31,0,2003-11-21,1,2000,2003,4
825,Liberia,341,2001,341,2000-05-31,0,2003-11-21,1,2000,2003,4
826,Liberia,341,2002,492,2000-05-31,0,2003-11-21,1,2000,2003,4
827,Liberia,341,2003,1787,2000-05-31,1,2003-11-21,1,2000,2003,4
828,Liberia,382,1993,5,1991-04-01,0,2001-12-20,1,1991,2001,11
829,Sierra Leone,382,1993,410,1991-04-01,0,2001-12-20,1,1991,2001,11
830,Libya,11346,2011,3762,2011-03-04,1,2011-11-23,1,2011,2011,1
831,Libya,11346,2013,31,2013-11-29,0,2015-04-19,1,2013,2015,3
832,Libya,11346,2014,274,2013-11-29,0,2015-04-19,1,2013,2015,3
833,Libya,11346,2015,156,2013-11-29,1,2015-04-19,1,2013,2015,3
834,Libya,11346,2017,308,2017-05-18,1,2017-11-12,1,2017,2017,1
835,Libya,11346,2019,1588,2019-02-21,0,2020-10-31,1,2019,2020,2
836,Libya,11346,2020,668,2019-02-21,1,2020-10-31,1,2019,2020,2
837,Libya,13694,2015,118,2015-03-18,0,2019-09-29,1,2015,2019,5
838,Libya,13694,2016,1678,2015-03-18,0,2019-09-29,1,2015,2019,5
839,Libya,13694,2017,96,2015-03-18,0,2019-09-29,1,2015,2019,5
840,Libya,13694,2018,44,2015-03-18,0,2019-09-29,1,2015,2019,5
841,Libya,13694,2019,43,2015-03-18,1,2019-09-29,1,2015,2019,5
842,"Macedonia, FYR",417,2001,72,2001-05-03,1,2001-08-17,1,2001,2001,1
843,Serbia (Yugoslavia),417,2001,0,2001-05-03,1,2001-08-17,1,2001,2001,1
844,Malaysia,308,2017,1,1993-02-09,0,2020-12-09,1,1993,2020,28
845,Philippines,308,2017,83,1993-02-09,0,2020-12-09,1,1993,2020,28
846,Malaysia,11487,2013,70,2013-03-02,1,2013-04-24,1,2013,2013,1
847,Philippines,11487,2013,0,2013-03-02,1,2013-04-24,1,2013,2013,1
848,Mali,372,1990,457,1990-07-21,0,1991-11-09,1,1990,1991,2
849,Mali,372,1991,59,1990-07-21,1,1991-11-09,1,1990,1991,2
850,Mali,372,1994,106,1994-10-04,1,1994-12-18,1,1994,1994,1
851,Mali,372,2007,39,2007-08-31,0,2009-01-22,1,2007,2009,3
852,Mali,372,2008,112,2007-08-31,0,2009-01-22,1,2007,2009,3
853,Mali,372,2009,39,2007-08-31,1,2009-01-22,1,2007,2009,3
854,Mali,372,2012,131,2012-01-24,1,2012-03-31,1,2012,2012,1
855,Mali,372,2014,94,2014-05-17,0,2015-05-18,1,2014,2015,2
856,Mali,372,2015,54,2014-05-17,1,2015-05-18,1,2014,2015,2
857,Mali,442,2010,28,2010-09-18,1,2010-09-18,1,2010,2010,1
858,Mauritania,442,2010,1,2010-09-18,1,2010-09-18,1,2010,2010,1
859,Mali,11347,2009,87,2009-06-16,1,2009-07-16,1,2009,2009,1
860,Mali,13611,2015,44,2015-06-27,1,2015-10-28,1,2015,2015,1
861,Mexico,400,1994,145,1994-01-01,1,1994-02-23,1,1994,1994,1
862,Mexico,400,1996,37,1996-08-30,1,1996-12-31,1,1996,1996,1
863,Moldova,394,1992,585,1992-03-17,1,1992-07-31,1,1992,1992,1
864,Morocco,331,1989,207,1975-11-04,1,1989-11-16,1,1975,1989,15
865,Mozambique,332,1989,1149,1977-12-31,0,1992-10-19,1,1977,1992,16
866,Mozambique,332,1990,1577,1977-12-31,0,1992-10-19,1,1977,1992,16
867,Mozambique,332,1991,1326,1977-12-31,0,1992-10-19,1,1977,1992,16
868,Mozambique,332,1992,309,1977-12-31,1,1992-10-19,1,1977,1992,16
869,Mozambique,332,2013,42,2013-10-12,0,2014-07-27,1,2013,2014,2
870,Mozambique,332,2014,30,2013-10-12,1,2014-07-27,1,2013,2014,2
871,Mozambique,332,2016,55,2016-04-10,1,2016-11-07,1,2016,2016,1
872,Mozambique,332,2018,53,2018-07-10,0,2019-07-12,1,2018,2019,2
873,Mozambique,332,2019,97,2018-07-10,1,2019-07-12,1,2018,2019,2
874,Myanmar (Burma),221,1989,803,1949-01-15,0,1992-11-22,1,1949,1992,44
875,Thailand,221,1989,197,1949-01-15,0,1992-11-22,1,1949,1992,44
876,Myanmar (Burma),221,1990,374,1949-01-15,0,1992-11-22,1,1949,1992,44
877,Thailand,221,1990,19,1949-01-15,0,1992-11-22,1,1949,1992,44
878,Myanmar (Burma),221,1991,552,1949-01-15,0,1992-11-22,1,1949,1992,44
879,Myanmar (Burma),221,1992,1163,1949-01-15,1,1992-11-22,1,1949,1992,44
880,Myanmar (Burma),221,1994,25,1994-12-31,0,1995-07-13,1,1994,1995,2
881,Myanmar (Burma),221,1995,110,1994-12-31,1,1995-07-13,1,1994,1995,2
882,Myanmar (Burma),221,1997,41,1997-02-23,0,1998-07-14,1,1997,1998,2
883,Myanmar (Burma),221,1998,36,1997-02-23,1,1998-07-14,1,1997,1998,2
884,Myanmar (Burma),221,2000,106,2000-03-03,0,2011-12-31,1,2000,2011,12
885,Thailand,221,2000,8,2000-03-03,0,2011-12-31,1,2000,2011,12
886,Myanmar (Burma),221,2001,16,2000-03-03,0,2011-12-31,1,2000,2011,12
887,Thailand,221,2001,20,2000-03-03,0,2011-12-31,1,2000,2011,12
888,Myanmar (Burma),221,2002,110,2000-03-03,0,2011-12-31,1,2000,2011,12
889,Myanmar (Burma),221,2003,38,2000-03-03,0,2011-12-31,1,2000,2011,12
890,Myanmar (Burma),221,2004,27,2000-03-03,0,2011-12-31,1,2000,2011,12
891,Myanmar (Burma),221,2005,42,2000-03-03,0,2011-12-31,1,2000,2011,12
892,Myanmar (Burma),221,2006,104,2000-03-03,0,2011-12-31,1,2000,2011,12
893,Myanmar (Burma),221,2007,104,2000-03-03,0,2011-12-31,1,2000,2011,12
894,Myanmar (Burma),221,2008,15,2000-03-03,0,2011-12-31,1,2000,2011,12
895,Thailand,221,2008,18,2000-03-03,0,2011-12-31,1,2000,2011,12
896,Myanmar (Burma),221,2009,63,2000-03-03,0,2011-12-31,1,2000,2011,12
897,Myanmar (Burma),221,2010,114,2000-03-03,0,2011-12-31,1,2000,2011,12
898,Thailand,221,2010,7,2000-03-03,0,2011-12-31,1,2000,2011,12
899,Myanmar (Burma),221,2011,334,2000-03-03,1,2011-12-31,1,2000,2011,12
900,Myanmar (Burma),221,2013,41,2013-04-29,1,2013-04-29,1,2013,2013,1
901,Myanmar (Burma),222,1990,25,1990-12-31,0,1992-12-31,1,1990,1992,3
902,Myanmar (Burma),222,1991,25,1990-12-31,0,1992-12-31,1,1990,1992,3
903,Myanmar (Burma),222,1992,25,1990-12-31,1,1992-12-31,1,1990,1992,3
904,Myanmar (Burma),222,1994,25,1994-12-31,1,1994-12-31,1,1994,1994,1
905,Myanmar (Burma),222,2013,29,2013-11-15,0,2015-11-13,1,2013,2015,3
906,Myanmar (Burma),222,2014,37,2013-11-15,0,2015-11-13,1,2013,2015,3
907,Myanmar (Burma),222,2015,106,2013-11-15,1,2015-11-13,1,2013,2015,3
908,Myanmar (Burma),222,2017,46,2017-04-29,0,2019-12-20,1,2017,2019,3
909,Myanmar (Burma),222,2018,46,2017-04-29,0,2019-12-20,1,2017,2019,3
910,Myanmar (Burma),222,2019,49,2017-04-29,1,2019-12-20,1,2017,2019,3
911,Myanmar (Burma),223,1991,25,1991-12-29,1,1991-12-29,1,1991,1991,1
912,Myanmar (Burma),223,1994,109,1994-05-15,1,1994-06-23,1,1994,1994,1
913,Myanmar (Burma),223,2016,86,2016-10-11,0,2020-11-25,1,2016,2020,5
914,Myanmar (Burma),223,2017,393,2016-10-11,0,2020-11-25,1,2016,2020,5
915,Myanmar (Burma),223,2018,27,2016-10-11,0,2020-11-25,1,2016,2020,5
916,Myanmar (Burma),223,2019,480,2016-10-11,0,2020-11-25,1,2016,2020,5
917,Myanmar (Burma),224,1990,112,1990-02-13,1,1990-03-22,1,1990,1990,1
918,Myanmar (Burma),224,1996,80,1996-12-23,1,1996-12-23,1,1996,1996,1
919,Myanmar (Burma),231,1989,194,1961-02-28,0,1992-12-31,1,1961,1992,32
920,Myanmar (Burma),231,1990,25,1961-02-28,0,1992-12-31,1,1961,1992,32
921,Myanmar (Burma),231,1991,25,1961-02-28,0,1992-12-31,1,1961,1992,32
922,Myanmar (Burma),231,1992,25,1961-02-28,1,1992-12-31,1,1961,1992,32
923,Myanmar (Burma),231,2011,209,2011-06-27,0,2019-11-29,1,2011,2019,9
924,Myanmar (Burma),231,2012,702,2011-06-27,0,2019-11-29,1,2011,2019,9
925,Myanmar (Burma),231,2013,125,2011-06-27,0,2019-11-29,1,2011,2019,9
926,Myanmar (Burma),231,2014,83,2011-06-27,0,2019-11-29,1,2011,2019,9
927,Myanmar (Burma),231,2015,142,2011-06-27,0,2019-11-29,1,2011,2019,9
928,Myanmar (Burma),231,2016,32,2011-06-27,0,2019-11-29,1,2011,2019,9
929,Myanmar (Burma),231,2017,43,2011-06-27,0,2019-11-29,1,2011,2019,9
930,Myanmar (Burma),231,2018,26,2011-06-27,0,2019-11-29,1,2011,2019,9
931,Myanmar (Burma),231,2019,29,2011-06-27,1,2019-11-29,1,2011,2019,9
932,Myanmar (Burma),253,1992,404,1992-09-22,1,1992-11-06,1,1992,1992,1
933,Myanmar (Burma),253,1996,124,1996-03-06,1,1996-10-06,1,1996,1996,1
934,Myanmar (Burma),253,2005,32,2005-01-16,1,2005-01-25,1,2005,2005,1
935,Thailand,253,2005,3,2005-01-16,1,2005-01-25,1,2005,2005,1
936,Myanmar (Burma),264,1993,130,1993-07-16,0,2002-09-24,1,1993,2002,10
937,Myanmar (Burma),264,1994,526,1993-07-16,0,2002-09-24,1,1993,2002,10
938,Myanmar (Burma),264,1995,174,1993-07-16,0,2002-09-24,1,1993,2002,10
939,Myanmar (Burma),264,1996,25,1993-07-16,0,2002-09-24,1,1993,2002,10
940,Myanmar (Burma),264,1997,152,1993-07-16,0,2002-09-24,1,1993,2002,10
941,Myanmar (Burma),264,1998,25,1993-07-16,0,2002-09-24,1,1993,2002,10
942,Myanmar (Burma),264,1999,25,1993-07-16,0,2002-09-24,1,1993,2002,10
943,Myanmar (Burma),264,2000,69,1993-07-16,0,2002-09-24,1,1993,2002,10
944,Myanmar (Burma),264,2001,115,1993-07-16,0,2002-09-24,1,1993,2002,10
945,Thailand,264,2001,2,1993-07-16,0,2002-09-24,1,1993,2002,10
946,Myanmar (Burma),264,2002,161,1993-07-16,1,2002-09-24,1,1993,2002,10
947,Thailand,264,2002,23,1993-07-16,1,2002-09-24,1,1993,2002,10
948,Myanmar (Burma),264,2005,27,2005-12-27,0,2011-09-11,1,2005,2011,7
949,Myanmar (Burma),264,2006,48,2005-12-27,0,2011-09-11,1,2005,2011,7
950,Myanmar (Burma),264,2007,29,2005-12-27,0,2011-09-11,1,2005,2011,7
951,Myanmar (Burma),264,2008,31,2005-12-27,0,2011-09-11,1,2005,2011,7
952,Myanmar (Burma),264,2009,52,2005-12-27,0,2011-09-11,1,2005,2011,7
953,Myanmar (Burma),264,2010,36,2005-12-27,0,2011-09-11,1,2005,2011,7
954,Myanmar (Burma),264,2011,170,2005-12-27,1,2011-09-11,1,2005,2011,7
955,Myanmar (Burma),264,2013,83,2013-02-22,1,2013-10-10,1,2013,2013,1
956,Myanmar (Burma),264,2015,77,2015-10-18,1,2015-11-30,1,2015,2015,1
957,Myanmar (Burma),422,1997,130,1997-03-16,1,1997-07-15,1,1997,1997,1
958,Myanmar (Burma),439,2014,67,2014-12-22,0,2015-12-19,1,2014,2015,2
959,Myanmar (Burma),439,2017,35,2017-03-06,1,2017-03-12,1,2017,2017,1
960,Myanmar (Burma),11475,1991,150,1991-12-31,1,1991-12-31,1,1991,1991,1
961,Myanmar (Burma),11475,1995,33,1995-04-17,1,1995-05-03,1,1995,1995,1
962,Myanmar (Burma),11475,2001,62,2000-02-28,1,2001-05-18,1,2000,2001,2
963,Myanmar (Burma),11475,2005,38,2005-01-31,0,2007-02-15,1,2005,2007,3
964,Myanmar (Burma),11475,2006,92,2005-01-31,0,2007-02-15,1,2005,2007,3
965,Myanmar (Burma),11475,2007,215,2005-01-31,1,2007-02-15,1,2005,2007,3
966,Nepal,269,1996,44,1996-08-23,0,2006-09-21,1,1996,2006,11
967,Nepal,269,1997,40,1996-08-23,0,2006-09-21,1,1996,2006,11
968,Nepal,269,1998,250,1996-08-23,0,2006-09-21,1,1996,2006,11
969,Nepal,269,1999,156,1996-08-23,0,2006-09-21,1,1996,2006,11
970,Nepal,269,2000,268,1996-08-23,0,2006-09-21,1,1996,2006,11
971,Nepal,269,2001,429,1996-08-23,0,2006-09-21,1,1996,2006,11
972,Nepal,269,2002,3946,1996-08-23,0,2006-09-21,1,1996,2006,11
973,Nepal,269,2003,1341,1996-08-23,0,2006-09-21,1,1996,2006,11
974,Nepal,269,2004,1880,1996-08-23,0,2006-09-21,1,1996,2006,11
975,Nepal,269,2005,1104,1996-08-23,0,2006-09-21,1,1996,2006,11
976,Nepal,269,2006,457,1996-08-23,1,2006-09-21,1,1996,2006,11
977,Nicaragua,336,1989,526,1982-04-17,0,1990-04-15,1,1982,1990,9
978,Nicaragua,336,1990,39,1982-04-17,1,1990-04-15,1,1982,1990,9
979,Niger,373,1994,50,1994-05-16,1,1994-09-26,1,1994,1994,1
980,Niger,406,1995,34,1995-07-10,1,1995-07-10,1,1995,1995,1
981,Niger,430,1991,40,1991-12-31,0,1992-12-18,1,1991,1992,2
982,Niger,430,1992,29,1991-12-31,1,1992-12-18,1,1991,1992,2
983,Niger,430,1997,62,1997-10-19,1,1997-11-28,1,1997,1997,1
984,Niger,430,2007,81,2007-04-30,0,2008-11-16,1,2007,2008,2
985,Niger,430,2008,47,2007-04-30,1,2008-11-16,1,2007,2008,2
986,Nigeria,297,2009,405,2009-07-26,1,2009-07-30,1,2009,2009,1
987,Nigeria,424,2004,84,2004-01-06,1,2004-10-08,1,2004,2004,1
988,Nigeria,425,2004,67,2004-06-04,1,2004-09-20,1,2004,2004,1
989,Pakistan,325,2004,43,2004-08-01,1,2004-12-25,1,2004,2004,1
990,Pakistan,325,2006,200,2006-03-26,0,2009-10-20,1,2006,2009,4
991,Pakistan,325,2007,83,2006-03-26,0,2009-10-20,1,2006,2009,4
992,Pakistan,325,2008,197,2006-03-26,0,2009-10-20,1,2006,2009,4
993,Pakistan,325,2009,81,2006-03-26,1,2009-10-20,1,2006,2009,4
994,Pakistan,325,2011,42,2011-07-05,0,2016-10-23,1,2011,2016,6
995,Pakistan,325,2012,118,2011-07-05,0,2016-10-23,1,2011,2016,6
996,Pakistan,325,2013,45,2011-07-05,0,2016-10-23,1,2011,2016,6
997,Pakistan,325,2014,90,2011-07-05,0,2016-10-23,1,2011,2016,6
998,Pakistan,325,2015,107,2011-07-05,0,2016-10-23,1,2011,2016,6
999,Pakistan,325,2016,94,2011-07-05,1,2016-10-23,1,2011,2016,6
1000,Pakistan,404,1990,70,1990-02-11,1,1990-02-11,1,1990,1990,1
1001,Pakistan,404,1994,38,1994-05-03,0,1996-09-04,1,1994,1996,3
1002,Pakistan,404,1995,52,1994-05-03,0,1996-09-04,1,1994,1996,3
1003,Pakistan,404,1996,42,1994-05-03,1,1996-09-04,1,1994,1996,3
1004,Pakistan,13936,2016,68,2016-10-24,0,2019-10-28,1,2016,2019,4
1005,Pakistan,13936,2017,80,2016-10-24,0,2019-10-28,1,2016,2019,4
1006,Pakistan,13936,2018,51,2016-10-24,0,2019-10-28,1,2016,2019,4
1007,Pakistan,13936,2019,29,2016-10-24,1,2019-10-28,1,2016,2019,4
1008,Panama,367,1989,77,1989-10-03,1,1989-10-03,1,1989,1989,1
1009,Panama,368,1989,843,1989-12-23,1,1989-12-23,1,1989,1989,1
1010,Papua New Guinea,369,1990,55,1990-02-07,1,1990-10-01,1,1990,1990,1
1011,Papua New Guinea,369,1992,33,1992-08-02,0,1996-11-28,1,1992,1996,5
1012,Solomon Islands,369,1992,2,1992-08-02,0,1996-11-28,1,1992,1996,5
1013,Papua New Guinea,369,1993,34,1992-08-02,0,1996-11-28,1,1992,1996,5
1014,Papua New Guinea,369,1994,26,1992-08-02,0,1996-11-28,1,1992,1996,5
1015,Papua New Guinea,369,1995,29,1992-08-02,0,1996-11-28,1,1992,1996,5
1016,Papua New Guinea,369,1996,78,1992-08-02,1,1996-11-28,1,1992,1996,5
1017,Paraguay,220,1989,150,1989-02-03,1,1989-02-03,1,1989,1989,1
1018,Peru,292,1989,1827,1982-08-22,0,1999-11-26,1,1982,1999,18
1019,Peru,292,1990,1099,1982-08-22,0,1999-11-26,1,1982,1999,18
1020,Peru,292,1991,1138,1982-08-22,0,1999-11-26,1,1982,1999,18
1021,Peru,292,1992,1036,1982-08-22,0,1999-11-26,1,1982,1999,18
1022,Peru,292,1993,672,1982-08-22,0,1999-11-26,1,1982,1999,18
1023,Peru,292,1994,253,1982-08-22,0,1999-11-26,1,1982,1999,18
1024,Peru,292,1995,178,1982-08-22,0,1999-11-26,1,1982,1999,18
1025,Peru,292,1996,80,1982-08-22,0,1999-11-26,1,1982,1999,18
1026,Peru,292,1997,93,1982-08-22,0,1999-11-26,1,1982,1999,18
1027,Peru,292,1998,25,1982-08-22,0,1999-11-26,1,1982,1999,18
1028,Peru,292,1999,75,1982-08-22,1,1999-11-26,1,1982,1999,18
1029,Peru,292,2007,32,2007-11-14,0,2010-12-30,1,2007,2010,4
1030,Peru,292,2008,40,2007-11-14,0,2010-12-30,1,2007,2010,4
1031,Peru,292,2009,50,2007-11-14,0,2010-12-30,1,2007,2010,4
1032,Peru,292,2010,28,2007-11-14,1,2010-12-30,1,2007,2010,4
1033,Philippines,209,1989,822,1969-09-30,0,1995-11-29,1,1969,1995,27
1034,Philippines,209,1990,1165,1969-09-30,0,1995-11-29,1,1969,1995,27
1035,Philippines,209,1991,1514,1969-09-30,0,1995-11-29,1,1969,1995,27
1036,Philippines,209,1992,430,1969-09-30,0,1995-11-29,1,1969,1995,27
1037,Philippines,209,1993,99,1969-09-30,0,1995-11-29,1,1969,1995,27
1038,Philippines,209,1994,69,1969-09-30,0,1995-11-29,1,1969,1995,27
1039,Philippines,209,1995,36,1969-09-30,1,1995-11-29,1,1969,1995,27
1040,Philippines,209,1997,32,1997-11-23,1,1997-12-30,1,1997,1997,1
1041,Philippines,308,1989,115,1970-08-20,0,1990-08-02,1,1970,1990,21
1042,Philippines,308,1990,141,1970-08-20,1,1990-08-02,1,1970,1990,21
1043,Philippines,308,1993,154,1993-02-09,0,2020-12-09,1,1993,2020,28
1044,Philippines,308,1994,196,1993-02-09,0,2020-12-09,1,1993,2020,28
1045,Philippines,308,1995,116,1993-02-09,0,2020-12-09,1,1993,2020,28
1046,Philippines,308,1996,180,1993-02-09,0,2020-12-09,1,1993,2020,28
1047,Philippines,308,1997,270,1993-02-09,0,2020-12-09,1,1993,2020,28
1048,Philippines,308,1998,93,1993-02-09,0,2020-12-09,1,1993,2020,28
1049,Philippines,308,1999,106,1993-02-09,0,2020-12-09,1,1993,2020,28
1050,Philippines,308,2000,1427,1993-02-09,0,2020-12-09,1,1993,2020,28
1051,Philippines,308,2001,652,1993-02-09,0,2020-12-09,1,1993,2020,28
1052,Philippines,308,2002,382,1993-02-09,0,2020-12-09,1,1993,2020,28
1053,Philippines,308,2003,818,1993-02-09,0,2020-12-09,1,1993,2020,28
1054,Philippines,308,2004,69,1993-02-09,0,2020-12-09,1,1993,2020,28
1055,Philippines,308,2005,236,1993-02-09,0,2020-12-09,1,1993,2020,28
1056,Philippines,308,2006,50,1993-02-09,0,2020-12-09,1,1993,2020,28
1057,Philippines,308,2007,307,1993-02-09,0,2020-12-09,1,1993,2020,28
1058,Philippines,308,2008,297,1993-02-09,0,2020-12-09,1,1993,2020,28
1059,Philippines,308,2009,517,1993-02-09,0,2020-12-09,1,1993,2020,28
1060,Philippines,308,2010,74,1993-02-09,0,2020-12-09,1,1993,2020,28
1061,Philippines,308,2011,146,1993-02-09,0,2020-12-09,1,1993,2020,28
1062,Philippines,308,2012,113,1993-02-09,0,2020-12-09,1,1993,2020,28
1063,Philippines,308,2013,349,1993-02-09,0,2020-12-09,1,1993,2020,28
1064,Philippines,308,2014,280,1993-02-09,0,2020-12-09,1,1993,2020,28
1065,Philippines,308,2015,404,1993-02-09,0,2020-12-09,1,1993,2020,28
1066,Philippines,308,2016,303,1993-02-09,0,2020-12-09,1,1993,2020,28
1067,Philippines,308,2018,83,1993-02-09,0,2020-12-09,1,1993,2020,28
1068,Philippines,308,2019,35,1993-02-09,0,2020-12-09,1,1993,2020,28
1069,Philippines,308,2020,108,1993-02-09,1,2020-12-09,1,1993,2020,28
1070,Qatar,401,2004,0,1999-08-11,0,2007-10-06,1,1999,2007,9
1071,Russia (Soviet Union),401,2004,1151,1999-08-11,0,2007-10-06,1,1999,2007,9
1072,Romania,370,1989,249,1989-12-22,1,1989-12-29,1,1989,1989,1
1073,Russia (Soviet Union),376,1990,49,1990-08-31,0,1991-12-21,1,1990,1991,2
1074,Russia (Soviet Union),376,1991,220,1990-08-31,1,1991-12-21,1,1990,1991,2
1075,Russia (Soviet Union),377,1990,143,1990-01-23,1,1990-01-27,1,1990,1990,1
1076,Russia (Soviet Union),399,1993,145,1993-10-03,1,1993-10-05,1,1993,1993,1
1077,Russia (Soviet Union),401,1994,229,1994-11-26,0,1996-11-08,1,1994,1996,3
1078,Russia (Soviet Union),401,1995,1754,1994-11-26,0,1996-11-08,1,1994,1996,3
1079,Russia (Soviet Union),401,1996,2721,1994-11-26,1,1996-11-08,1,1994,1996,3
1080,Russia (Soviet Union),401,1999,5769,1999-08-11,0,2007-10-06,1,1999,2007,9
1081,Russia (Soviet Union),401,2000,2907,1999-08-11,0,2007-10-06,1,1999,2007,9
1082,Russia (Soviet Union),401,2001,791,1999-08-11,0,2007-10-06,1,1999,2007,9
1083,Russia (Soviet Union),401,2003,480,1999-08-11,0,2007-10-06,1,1999,2007,9
1084,Russia (Soviet Union),401,2005,682,1999-08-11,0,2007-10-06,1,1999,2007,9
1085,Russia (Soviet Union),401,2006,259,1999-08-11,0,2007-10-06,1,1999,2007,9
1086,Russia (Soviet Union),401,2007,146,1999-08-11,1,2007-10-06,1,1999,2007,9
1087,Russia (Soviet Union),414,1999,85,1999-09-02,1,1999-09-09,1,1999,1999,1
1088,Russia (Soviet Union),432,2007,30,2007-11-28,0,2015-10-21,1,2007,2015,9
1089,Russia (Soviet Union),432,2008,404,2007-11-28,0,2015-10-21,1,2007,2015,9
1090,Russia (Soviet Union),432,2009,696,2007-11-28,0,2015-10-21,1,2007,2015,9
1091,Russia (Soviet Union),432,2010,418,2007-11-28,0,2015-10-21,1,2007,2015,9
1092,Russia (Soviet Union),432,2011,356,2007-11-28,0,2015-10-21,1,2007,2015,9
1093,Turkey,432,2011,3,2007-11-28,0,2015-10-21,1,2007,2015,9
1094,Russia (Soviet Union),432,2012,516,2007-11-28,0,2015-10-21,1,2007,2015,9
1095,Russia (Soviet Union),432,2013,321,2007-11-28,0,2015-10-21,1,2007,2015,9
1096,Russia (Soviet Union),432,2014,173,2007-11-28,0,2015-10-21,1,2007,2015,9
1097,Russia (Soviet Union),432,2015,29,2007-11-28,1,2015-10-21,1,2007,2015,9
1098,Syria,432,2015,1,2007-11-28,1,2015-10-21,1,2007,2015,9
1099,Russia (Soviet Union),13247,2014,1,2014-06-14,1,2014-10-17,1,2014,2014,1
1100,Ukraine,13247,2014,1070,2014-06-14,1,2014-10-17,1,2014,2014,1
1101,Russia (Soviet Union),13588,2015,55,2015-08-01,0,2020-12-28,1,2015,2020,6
1102,Russia (Soviet Union),13588,2016,69,2015-08-01,0,2020-12-28,1,2015,2020,6
1103,Russia (Soviet Union),13588,2017,53,2015-08-01,0,2020-12-28,1,2015,2020,6
1104,Russia (Soviet Union),13588,2018,30,2015-08-01,0,2020-12-28,1,2015,2020,6
1105,Russia (Soviet Union),13588,2019,26,2015-08-01,0,2020-12-28,1,2015,2020,6
1106,Russia (Soviet Union),13588,2020,30,2015-08-01,1,2020-12-28,1,2015,2020,6
1107,Rwanda,374,1990,1126,1990-10-03,0,1994-07-04,1,1990,1994,5
1108,Rwanda,374,1991,153,1990-10-03,0,1994-07-04,1,1990,1994,5
1109,Rwanda,374,1992,87,1990-10-03,0,1994-07-04,1,1990,1994,5
1110,Rwanda,374,1993,353,1990-10-03,0,1994-07-04,1,1990,1994,5
1111,Rwanda,374,1994,1208,1990-10-03,1,1994-07-04,1,1990,1994,5
1112,Rwanda,374,1996,90,1996-07-12,0,2002-09-29,1,1996,2002,7
1113,Rwanda,374,2001,2044,1996-07-12,0,2002-09-29,1,1996,2002,7
1114,Senegal,375,1990,58,1990-08-31,1,1990-12-31,1,1990,1990,1
1115,Senegal,375,1993,233,1992-09-01,1,1993-11-16,1,1992,1993,2
1116,Senegal,375,1995,299,1995-04-27,1,1995-12-01,1,1995,1995,1
1117,Senegal,375,1997,319,1997-03-18,0,1998-11-02,1,1997,1998,2
1118,Senegal,375,1998,242,1997-03-18,1,1998-11-02,1,1997,1998,2
1119,Senegal,375,2001,33,2000-04-11,1,2001-12-07,1,2000,2001,2
1120,Senegal,375,2003,39,2003-01-20,1,2003-10-11,1,2003,2003,1
1121,Senegal,375,2011,25,2011-12-20,1,2011-12-30,1,2011,2011,1
1122,Serbia (Yugoslavia),384,1991,64,1991-06-28,1,1991-07-03,1,1991,1991,1
1123,Serbia (Yugoslavia),385,1991,2958,1991-07-27,0,1992-04-06,1,1991,1992,2
1124,Serbia (Yugoslavia),385,1992,153,1991-07-27,1,1992-04-06,1,1991,1992,2
1125,Serbia (Yugoslavia),412,1998,1235,1998-03-06,0,1999-11-21,1,1998,1999,2
1126,Sierra Leone,382,1991,552,1991-04-01,0,2001-12-20,1,1991,2001,11
1127,Sierra Leone,382,1992,218,1991-04-01,0,2001-12-20,1,1991,2001,11
1128,Sierra Leone,382,1994,628,1991-04-01,0,2001-12-20,1,1991,2001,11
1129,Sierra Leone,382,1995,1472,1991-04-01,0,2001-12-20,1,1991,2001,11
1130,Sierra Leone,382,1996,570,1991-04-01,0,2001-12-20,1,1991,2001,11
1131,Sierra Leone,382,1997,748,1991-04-01,0,2001-12-20,1,1991,2001,11
1132,Sierra Leone,382,1998,3287,1991-04-01,0,2001-12-20,1,1991,2001,11
1133,Sierra Leone,382,1999,3153,1991-04-01,0,2001-12-20,1,1991,2001,11
1134,Sierra Leone,382,2000,382,1991-04-01,0,2001-12-20,1,1991,2001,11
1135,Sierra Leone,382,2001,48,1991-04-01,1,2001-12-20,1,1991,2001,11
1136,Somalia,337,1991,8005,1986-03-03,0,1996-12-20,1,1986,1996,11
1137,Somalia,337,1992,1154,1986-03-03,0,1996-12-20,1,1986,1996,11
1138,Somalia,337,1993,25,1986-03-03,0,1996-12-20,1,1986,1996,11
1139,Somalia,337,1994,237,1986-03-03,0,1996-12-20,1,1986,1996,11
1140,Somalia,337,1995,104,1986-03-03,0,1996-12-20,1,1986,1996,11
1141,Somalia,337,1996,256,1986-03-03,1,1996-12-20,1,1986,1996,11
1142,Somalia,337,2001,228,2001-05-12,0,2002-10-28,1,2001,2002,2
1143,Somalia,337,2002,114,2001-05-12,1,2002-10-28,1,2001,2002,2
1144,Somalia,14074,2018,121,2018-05-15,1,2018-11-05,1,2018,2018,1
1145,South Sudan,309,2014,7,1983-05-17,0,2018-12-16,1,1983,2018,36
1146,Sudan,309,2014,849,1983-05-17,0,2018-12-16,1,1983,2018,36
1147,South Sudan,309,2015,0,1983-05-17,0,2018-12-16,1,1983,2018,36
1148,Sudan,309,2015,1264,1983-05-17,0,2018-12-16,1,1983,2018,36
1149,South Sudan,11348,2012,129,2012-03-27,1,2012-12-26,1,2012,2012,1
1150,Sudan,11348,2012,238,2012-03-27,1,2012-12-26,1,2012,2012,1
1151,Spain,342,1991,44,1991-06-28,1,1991-12-13,1,1991,1991,1
1152,Sri Lanka,313,1989,388,1989-02-13,0,1990-02-23,1,1989,1990,2
1153,Sri Lanka,313,1990,61,1989-02-13,1,1990-02-23,1,1989,1990,2
1154,Sri Lanka,352,1989,145,1984-09-01,0,2001-12-12,1,1984,2001,18
1155,Sri Lanka,352,1990,3561,1984-09-01,0,2001-12-12,1,1984,2001,18
1156,Sri Lanka,352,1991,6432,1984-09-01,0,2001-12-12,1,1984,2001,18
1157,Sri Lanka,352,1992,4091,1984-09-01,0,2001-12-12,1,1984,2001,18
1158,Sri Lanka,352,1993,2075,1984-09-01,0,2001-12-12,1,1984,2001,18
1159,Sri Lanka,352,1994,657,1984-09-01,0,2001-12-12,1,1984,2001,18
1160,Sri Lanka,352,1995,4755,1984-09-01,0,2001-12-12,1,1984,2001,18
1161,Sri Lanka,352,1997,2880,1984-09-01,0,2001-12-12,1,1984,2001,18
1162,Sri Lanka,352,1998,3762,1984-09-01,0,2001-12-12,1,1984,2001,18
1163,Sri Lanka,352,1999,1882,1984-09-01,0,2001-12-12,1,1984,2001,18
1164,Sri Lanka,352,2000,2525,1984-09-01,0,2001-12-12,1,1984,2001,18
1165,Sri Lanka,352,2001,1144,1984-09-01,1,2001-12-12,1,1984,2001,18
1166,Sri Lanka,352,2003,29,2003-06-14,1,2003-08-09,1,2003,2003,1
1167,Sri Lanka,352,2005,88,2005-12-02,0,2009-07-04,1,2005,2009,5
1168,Sri Lanka,352,2006,1970,2005-12-02,0,2009-07-04,1,2005,2009,5
1169,Sri Lanka,352,2007,2494,2005-12-02,0,2009-07-04,1,2005,2009,5
1170,Sri Lanka,352,2008,8262,2005-12-02,0,2009-07-04,1,2005,2009,5
1171,Sri Lanka,352,2009,10165,2005-12-02,1,2009-07-04,1,2005,2009,5
1172,Sudan,309,1989,4250,1983-05-17,0,2018-12-16,1,1983,2018,36
1173,Uganda,309,1989,3,1983-05-17,0,2018-12-16,1,1983,2018,36
1174,Sudan,309,1990,4330,1983-05-17,0,2018-12-16,1,1983,2018,36
1175,Uganda,309,1990,5,1983-05-17,0,2018-12-16,1,1983,2018,36
1176,Sudan,309,1991,1313,1983-05-17,0,2018-12-16,1,1983,2018,36
1177,Uganda,309,1991,4,1983-05-17,0,2018-12-16,1,1983,2018,36
1178,Sudan,309,1992,1083,1983-05-17,0,2018-12-16,1,1983,2018,36
1179,Sudan,309,1993,942,1983-05-17,0,2018-12-16,1,1983,2018,36
1180,Sudan,309,1994,337,1983-05-17,0,2018-12-16,1,1983,2018,36
1181,Sudan,309,1995,1000,1983-05-17,0,2018-12-16,1,1983,2018,36
1182,Sudan,309,1996,2289,1983-05-17,0,2018-12-16,1,1983,2018,36
1183,Sudan,309,1997,3709,1983-05-17,0,2018-12-16,1,1983,2018,36
1184,Sudan,309,1998,4891,1983-05-17,0,2018-12-16,1,1983,2018,36
1185,Sudan,309,1999,1408,1983-05-17,0,2018-12-16,1,1983,2018,36
1186,Sudan,309,2000,2841,1983-05-17,0,2018-12-16,1,1983,2018,36
1187,Sudan,309,2001,3408,1983-05-17,0,2018-12-16,1,1983,2018,36
1188,Sudan,309,2002,2021,1983-05-17,0,2018-12-16,1,1983,2018,36
1189,Sudan,309,2003,1999,1983-05-17,0,2018-12-16,1,1983,2018,36
1190,Sudan,309,2004,3278,1983-05-17,0,2018-12-16,1,1983,2018,36
1191,Sudan,309,2005,161,1983-05-17,0,2018-12-16,1,1983,2018,36
1192,Sudan,309,2006,1002,1983-05-17,0,2018-12-16,1,1983,2018,36
1193,Sudan,309,2007,217,1983-05-17,0,2018-12-16,1,1983,2018,36
1194,Sudan,309,2008,598,1983-05-17,0,2018-12-16,1,1983,2018,36
1195,Sudan,309,2010,1010,1983-05-17,0,2018-12-16,1,1983,2018,36
1196,Sudan,309,2012,1173,1983-05-17,0,2018-12-16,1,1983,2018,36
1197,Sudan,309,2013,594,1983-05-17,0,2018-12-16,1,1983,2018,36
1198,Sudan,309,2016,1309,1983-05-17,0,2018-12-16,1,1983,2018,36
1199,Sudan,309,2017,160,1983-05-17,0,2018-12-16,1,1983,2018,36
1200,Sudan,309,2018,243,1983-05-17,1,2018-12-16,1,1983,2018,36
1201,Sudan,314,1995,36,1994-02-21,0,2011-11-03,1,1994,2011,18
1202,Uganda,314,1995,259,1994-02-21,0,2011-11-03,1,1994,2011,18
1203,Sudan,314,1997,150,1994-02-21,0,2011-11-03,1,1994,2011,18
1204,Uganda,314,1997,738,1994-02-21,0,2011-11-03,1,1994,2011,18
1205,Sudan,314,2003,9,1994-02-21,0,2011-11-03,1,1994,2011,18
1206,Uganda,314,2003,633,1994-02-21,0,2011-11-03,1,1994,2011,18
1207,Sudan,314,2004,395,1994-02-21,0,2011-11-03,1,1994,2011,18
1208,Uganda,314,2004,1215,1994-02-21,0,2011-11-03,1,1994,2011,18
1209,Sudan,314,2005,85,1994-02-21,0,2011-11-03,1,1994,2011,18
1210,Uganda,314,2005,610,1994-02-21,0,2011-11-03,1,1994,2011,18
1211,Sudan,11344,2011,145,2011-05-19,1,2011-06-15,1,2011,2011,1
1212,Syria,13042,2012,46,2012-09-07,0,2015-07-25,1,2012,2015,4
1213,Syria,13042,2013,78,2012-09-07,0,2015-07-25,1,2012,2015,4
1214,Syria,13042,2014,52,2012-09-07,0,2015-07-25,1,2012,2015,4
1215,Syria,13042,2015,84,2012-09-07,1,2015-07-25,1,2012,2015,4
1216,Syria,13809,2016,152,2016-04-23,1,2016-11-28,1,2016,2016,1
1217,Syria,13809,2018,35,2018-09-08,1,2018-12-23,1,2018,2018,1
1218,Syria,13902,2015,10,2015-11-14,0,2017-09-06,1,2015,2017,3
1219,Turkey,13902,2015,16,2015-11-14,0,2017-09-06,1,2015,2017,3
1220,Syria,13902,2017,762,2015-11-14,1,2017-09-06,1,2015,2017,3
1221,Turkey,13902,2017,8,2015-11-14,1,2017-09-06,1,2015,2017,3
1222,Tajikistan,395,1992,3355,1992-05-10,0,1998-11-16,1,1992,1998,7
1223,Tajikistan,395,1994,356,1992-05-10,0,1998-11-16,1,1992,1998,7
1224,Tajikistan,395,1996,2790,1992-05-10,0,1998-11-16,1,1992,1998,7
1225,Tajikistan,395,1997,87,1992-05-10,0,1998-11-16,1,1992,1998,7
1226,Tajikistan,395,1998,600,1992-05-10,1,1998-11-16,1,1992,1998,7
1227,Tajikistan,395,2000,46,2000-09-06,1,2000-09-06,1,2000,2000,1
1228,Tajikistan,395,2010,98,2010-09-09,0,2011-07-25,1,2010,2011,2
1229,Tajikistan,395,2011,28,2010-09-09,1,2011-07-25,1,2010,2011,2
1230,Tanzania,15183,2020,25,2020-10-28,1,2020-10-28,1,2020,2020,1
1231,Trinidad and Tobago,378,1990,39,1990-08-02,1,1990-08-02,1,1990,1990,1
1232,Tunisia,343,2013,29,2013-10-17,0,2015-11-15,1,2013,2015,3
1233,Tunisia,343,2014,50,2013-10-17,0,2015-11-15,1,2013,2015,3
1234,Tunisia,343,2015,57,2013-10-17,1,2015-11-15,1,2013,2015,3
1235,Tunisia,14333,2016,71,2016-03-07,1,2016-03-21,1,2016,2016,1
1236,Turkey,354,1989,442,1984-08-15,0,2013-03-12,1,1984,2013,30
1237,Turkey,354,1990,526,1984-08-15,0,2013-03-12,1,1984,2013,30
1238,Turkey,354,1993,2301,1984-08-15,0,2013-03-12,1,1984,2013,30
1239,Turkey,354,2005,263,1984-08-15,0,2013-03-12,1,1984,2013,30
1240,Turkey,354,2006,225,1984-08-15,0,2013-03-12,1,1984,2013,30
1241,Turkey,383,1991,39,1991-07-13,0,1993-11-27,1,1991,1993,3
1242,Turkey,383,1992,71,1991-07-13,0,1993-11-27,1,1991,1993,3
1243,Turkey,383,1993,32,1991-07-13,1,1993-11-27,1,1991,1993,3
1244,Turkey,383,2000,30,2000-04-25,1,2000-12-12,1,2000,2000,1
1245,Turkey,383,2005,30,2005-06-17,1,2005-10-17,1,2005,2005,1
1246,Turkey,383,2016,434,2016-02-17,1,2016-12-17,1,2016,2016,1
1247,Uganda,314,1989,1019,1979-01-22,0,1992-08-09,1,1979,1992,14
1248,Uganda,314,1990,621,1979-01-22,0,1992-08-09,1,1979,1992,14
1249,Uganda,314,1991,853,1979-01-22,0,1992-08-09,1,1979,1992,14
1250,Uganda,314,1992,72,1979-01-22,1,1992-08-09,1,1979,1992,14
1251,Uganda,314,1994,149,1994-02-21,0,2011-11-03,1,1994,2011,18
1252,Uganda,314,2007,91,1994-02-21,0,2011-11-03,1,1994,2011,18
1253,Ukraine,13219,2014,88,2014-02-18,1,2014-02-21,1,2014,2014,1
1254,Ukraine,13246,2014,1861,2014-05-02,1,2014-09-28,1,2014,2014,1
1255,United Kingdom,315,1991,26,1971-08-31,1,1991-11-26,1,1971,1991,21
1256,United Kingdom,315,1998,29,1998-08-15,1,1998-08-15,1,1998,1998,1
1257,Uzbekistan,415,2004,37,2004-03-30,1,2004-07-30,1,2004,2004,1
1258,Venezuela,277,1992,144,1992-02-04,1,1992-11-27,1,1992,1992,1
1259,Yemen (North Yemen),402,1994,1489,1994-04-28,1,1994-07-04,1,1994,1994,1
1260,Yemen (North Yemen),13645,2015,246,2015-03-20,1,2015-10-06,1,2015,2015,1
1261,Yemen (North Yemen),13645,2017,26,2017-05-18,1,2017-05-18,1,2017,2017,1
1262,Yemen (North Yemen),13645,2020,33,2020-08-20,1,2020-09-18,1,2020,2020,1
